Product Name,Material Type,Carbon Footprint (kg COâ‚‚),Energy Consumption (kWh),Brand Policy (Eco-Certified),Number of Certifications,Sustainability Score
Product_1163,3,77.8022076,56.41345469,1,2,81.01799225
Product_247,3,56.90516788,178.5404068,0,2,45.83933469
Product_536,2,45.7502503,121.7265482,0,0,52.77956521
Product_235,1,26.34887123,75.70477213,1,2,100
Product_810,2,46.31271743,114.695838,0,0,53.90447368
Product_1060,3,27.24651723,124.4250224,0,4,99.38354259
Product_671,1,27.36545011,91.02437922,0,2,78.1123991
Product_420,2,48.93429962,102.6371976,1,3,90.00541067
Product_742,2,20.8261016,102.5828679,0,1,74.07037563
Product_997,2,42.15792374,102.8106953,0,0,58.35889907
Product_297,2,30.03533866,147.8567416,0,1,60.41098234
Product_302,1,14.29880757,85.47194323,1,5,100
Product_325,3,46.29092833,200.3220415,1,3,71.79012754
Product_820,3,64.27387822,179.892615,1,3,66.88453789
Product_583,3,53.48826302,190.0329868,0,2,45.24927112
Product_469,1,26.49361932,67.13654627,0,1,78.32588109
Product_197,3,51.29984264,231.3142004,1,2,58.08723859
Product_1119,3,78.14416565,73.98446143,1,2,79.15830416
Product_486,2,30.43824235,137.8225544,1,5,100
Product_837,3,73.89551722,235.4515436,1,3,50.96193267
Product_288,2,43.56954854,137.4684718,0,2,60.72153136
Product_98,3,67.18481331,241.2208237,0,0,18.16342861
Product_755,2,23.48416881,149.1670384,0,1,63.42450791
Product_510,1,16.83744332,83.62536313,1,5,100
Product_564,3,49.36813484,234.3144865,0,0,28.45303528
Product_1130,2,96.10457822,240.2822174,0,2,57.14040479
Product_133,1,18.48261343,62.98354195,0,2,88.1619849
Product_1114,1,68.68117263,257.824215,0,3,68.61322671
Product_834,2,23.27792631,109.0881799,1,2,96.54340087
Product_155,1,16.92691989,73.33465604,0,2,86.86960885
Product_876,3,59.3815198,200.2783442,1,3,65.25357126
Product_986,1,16.11048621,77.44548158,1,3,100
Product_369,2,45.51848174,138.1106029,0,0,49.61863855
Product_589,3,48.17265534,162.0481822,1,2,73.50403588
Product_138,3,68.73324701,191.6160946,1,3,62.31015756
Product_708,3,67.95795314,238.9836394,0,2,28.22429555
Product_504,2,45.11123376,140.8327622,1,5,94.27783069
Product_893,1,26.45228637,61.55404264,1,5,100
Product_264,3,46.69285216,223.2612699,0,1,37.00131994
Product_579,1,25.93074582,68.89196069,0,0,73.25623495
Product_216,2,27.40036594,134.1935062,0,0,59.46111578
Product_622,2,35.49717885,101.0923356,0,2,72.03294345
Product_886,2,28.98697034,136.7960203,0,2,68.14731077
Product_251,3,72.67117866,167.4784988,1,5,75.16871091
Product_45,1,26.61238816,66.99859319,1,4,100
Product_852,1,12.02841657,79.84726117,0,1,83.01633948
Product_1190,1,55.67587248,179.154772,0,4,85.38176106
Product_496,2,23.78794225,106.5176565,1,5,100
Product_1120,4,86.75839631,84.43224216,1,4,85.52925689
Product_1142,2,85.39383657,269.7540269,0,3,62.40644634
Product_782,1,21.41219493,90.20827825,1,4,100
Product_1102,4,83.67878391,75.25875311,0,2,77.37048952
Product_1088,1,60.29212741,251.7438824,1,5,81.73797354
Product_931,3,47.41081422,186.6028266,0,1,43.97402758
Product_801,2,47.28363833,103.0452772,1,3,90.7491254
Product_1031,3,93.4139635,286.6153659,0,0,43.31427436
Product_110,2,47.05285976,109.3562135,1,3,89.60232741
Product_556,2,37.95072453,144.2171714,1,4,92.18120346
Product_1112,2,56.17080413,275.8873036,0,4,75.5600284
Product_859,2,40.30463897,127.2713975,0,0,54.39340102
Product_1106,3,72.88210372,299.0092351,0,3,63.23444538
Product_382,3,51.4984666,189.4190495,0,2,46.36695681
Product_422,1,20.25377022,96.44297749,1,2,100
Product_460,1,19.9175147,60.89456898,1,5,100
Product_612,2,21.36946237,144.5570046,1,2,90.4038679
Product_925,3,49.19306903,161.750184,1,3,78.05342868
Product_553,1,18.39454634,79.15651095,0,2,84.97142464
Product_669,1,15.15365777,72.1288673,0,1,82.99739766
Product_213,3,42.7603037,198.0183515,1,2,69.01617784
Product_78,3,65.43818829,218.6678612,0,1,28.54733362
Product_950,2,46.75616434,145.5560251,1,3,82.51071281
Product_379,1,27.49403345,96.72165194,1,2,96.90865289
Product_166,1,17.24787798,55.93218829,1,4,100
Product_685,1,28.01403728,61.02438197,0,0,73.78810497
Product_968,3,48.30163745,194.9803991,0,2,46.85310146
Product_219,1,24.44533864,87.61989412,0,2,80.25335186
Product_572,1,26.89566456,72.70918314,0,0,72.01033109
Product_196,2,24.94444447,107.4253391,1,3,100
Product_806,3,61.43740315,161.7064413,0,2,46.94001016
Product_576,1,10.65052359,56.022367,0,0,83.47026481
Product_689,2,20.35119832,130.1622711,0,0,63.79194661
Product_1041,3,13.32765924,292.3854885,1,3,81.76315338
Product_1195,2,48.68644434,249.6048565,0,1,65.43358105
Product_582,3,44.68815623,151.8081092,1,4,87.29430004
Product_357,1,16.38200946,86.89754737,1,2,100
Product_193,1,18.01526122,55.29371591,0,2,89.93362621
Product_1122,1,15.80502888,88.26089841,1,1,91.43240149
Product_8,2,40.84853267,131.5687989,1,2,83.26197389
Product_603,1,19.61013895,80.0903367,1,2,100
Product_911,3,54.45615116,223.9563248,0,2,37.98065946
Product_497,2,40.28532686,110.1767437,1,5,100
Product_137,2,25.22328006,112.3480583,0,2,74.9187483
Product_139,3,49.89361263,166.6538513,0,1,46.72242341
Product_524,3,60.22536614,165.5851537,1,4,76.7702862
Product_1181,2,16.65608788,208.7557341,1,0,74.12760023
Product_16,1,15.59958187,69.3661259,1,2,100
Product_482,2,44.77934638,138.0200034,1,2,80.00632614
Product_77,2,42.80869469,119.5905447,1,5,99.67754371
Product_594,3,42.76183625,200.0876606,0,1,43.60154976
Product_340,2,21.8795961,135.3302064,1,3,96.99416066
Product_1082,2,38.27712318,222.3286759,1,2,76.28399545
Product_935,3,73.02843806,162.9065125,0,0,30.90447847
Product_509,2,29.1593203,119.3986377,0,0,61.54061231
Product_1172,4,41.18158436,300.5688521,1,0,57.58863949
Product_544,1,14.41539226,91.0033751,0,2,84.59162885
Product_711,2,47.49905708,113.0424623,1,5,98.641979
Product_267,3,78.08887143,173.899768,0,2,36.17561068
Product_870,3,72.36094561,230.4966834,0,0,17.72019052
Product_726,1,14.97428545,53.85937651,0,1,86.74098197
Product_160,3,66.49736047,197.4533563,1,4,67.26064851
Product_584,1,18.6061179,82.9051109,1,5,100
Product_313,3,61.85721264,164.3061953,1,4,76.21015462
Product_792,3,63.97208465,176.8047187,1,2,62.65301393
Product_1037,3,76.22273391,262.9480558,1,1,55.83837425
Product_74,2,34.44032455,102.6915262,1,5,100
Product_157,3,57.14808084,186.1540188,0,1,39.19515583
Product_771,2,42.85705438,106.6889072,1,2,87.23369136
Product_951,3,48.72830138,198.5072909,1,5,80.93439113
Product_254,1,10.44938617,51.28847994,0,0,84.51761093
Product_230,3,70.62187002,204.2940444,1,5,68.8302561
Product_1128,2,94.54902832,105.7731798,1,1,66.05797352
Product_522,1,22.41831036,86.51245948,1,3,100
Product_1137,3,74.90452139,84.14763272,0,5,94.11388031
Product_242,1,18.18823304,98.91773935,0,1,76.12233561
Product_95,1,25.24917371,79.80409776,0,1,76.41459359
Product_485,1,13.17210211,77.01497034,0,1,83.01095488
Product_498,1,15.74076266,54.83224171,1,4,100
Product_839,2,21.87372781,106.6642129,1,4,100
Product_380,3,59.3215879,245.0279224,0,2,31.33362158
Product_674,2,40.0571794,126.8770072,1,2,84.59600886
Product_506,1,12.13961278,90.62369105,0,1,80.8054554
Product_24,2,22.04516928,143.9957313,0,2,70.17826909
Product_35,3,44.80828916,239.5815732,1,3,64.67954079
Product_768,1,23.46864867,62.03352574,1,2,100
Product_1178,4,61.40146669,146.0277305,1,1,71.97678694
Product_875,3,43.30947342,205.9136656,0,1,42.16253016
Product_959,1,25.12326658,55.99764709,0,2,86.23883729
Product_944,3,43.48068873,222.8493934,1,2,63.68977696
Product_1182,3,50.10949016,56.131685,0,5,100
Product_648,1,11.20704168,75.81416496,0,1,84.23364617
Product_1001,3,41.13743093,293.6649853,0,2,68.29227219
Product_557,1,29.67955296,73.30907956,1,2,100
Product_1008,1,80.25965048,107.0067686,1,2,75.22142799
Product_327,1,29.00474708,76.49702935,1,3,100
Product_714,2,37.4659624,125.5546911,1,3,91.15608059
Product_1078,3,64.29309287,108.7931763,0,4,89.83275451
Product_690,1,14.21324378,80.21796599,0,0,76.84978491
Product_334,3,73.31321507,246.2338057,0,2,24.09663131
Product_611,3,74.19896078,226.2187511,0,1,22.65676938
Product_713,1,23.13473329,93.90167564,0,2,79.65229823
Product_177,3,62.56296115,182.0016113,0,0,32.31819716
Product_722,3,53.01162473,219.3400853,1,3,64.62617056
Product_811,1,20.88978196,77.67358881,1,2,100
Product_428,1,17.00250518,51.39261204,1,4,100
Product_57,3,49.8641454,166.6848578,1,5,86.73095574
Product_184,1,13.81375441,53.84015242,1,3,100
Product_276,1,28.00037284,80.1224721,1,2,99.97531916
Product_347,1,28.30976595,64.86436021,0,0,72.87224498
Product_278,3,77.3169945,232.5439896,1,3,49.83270483
Product_929,2,38.88673091,113.4071615,0,2,67.87520225
Product_86,2,34.63562132,138.9023153,0,2,64.90172628
Product_440,3,49.6808832,187.6259329,0,0,37.63437181
Product_402,2,46.33490234,104.2701515,1,3,90.97851853
Product_477,1,27.01163458,86.44696001,0,2,79.20479071
Product_285,1,20.37835411,96.3231899,0,0,70.54618497
Product_119,3,68.46891223,176.5170741,1,2,60.46212906
Product_828,2,32.22752626,131.5861209,0,0,57.56901269
Product_381,2,24.9732362,109.2888477,0,1,70.65561235
Product_1048,1,27.25477836,139.8958675,1,2,87.83397974
Product_136,3,46.46685745,248.1383334,1,3,62.13890459
Product_1186,2,28.34013576,238.4671127,1,2,77.651248
Product_287,1,13.32566738,52.53112361,0,2,92.83094159
Product_1054,1,18.2038603,279.8903801,1,3,81.5498039
Product_375,2,22.03005086,124.4892934,1,3,99.08711589
Product_626,2,21.10164088,130.2948408,0,2,73.39021141
Product_90,1,16.23444136,86.74629237,1,2,100
Product_330,3,71.86725589,167.2386362,1,5,75.61864481
Product_475,2,33.77795592,132.4341477,1,2,86.62419251
Product_472,2,29.4305034,138.3173607,1,5,100
Product_1193,3,50.17823446,131.413206,1,1,76.80520906
Product_244,2,41.66212815,145.8244576,0,1,55.00404442
Product_657,2,39.09204111,121.9781471,0,0,56.05835003
Product_752,1,12.96686402,86.43281421,1,5,100
Product_554,1,22.77051895,86.51108589,0,0,71.31252335
Product_1047,3,15.77050721,136.527939,0,1,86.61605394
Product_877,1,10.86825066,83.44382655,1,4,100
Product_456,3,43.24596714,180.0067083,0,0,42.37567477
Product_1184,2,89.28483398,246.8971533,1,5,73.52483448
Product_240,3,40.05895288,242.6585383,1,3,66.43881589
Product_724,1,26.57766732,92.10826883,0,0,68.28951257
Product_628,2,30.16581948,101.3553326,0,0,64.64602374
Product_1175,1,82.64502151,154.6897886,1,0,59.73751469
Product_146,3,40.48412467,208.0768584,1,2,68.14256599
Product_434,2,29.50285031,105.3311809,0,2,74.18233865
Product_520,3,76.55153775,214.2806591,0,0,18.8680993
Product_1002,3,77.69157147,70.29626533,0,4,89.66290203
Product_700,2,45.36813089,117.3479475,1,3,88.84634505
Product_446,1,27.54921725,70.32952687,0,1,77.159486
Product_549,1,29.01727125,65.38854526,1,2,100
Product_964,1,14.69284164,97.61933762,1,5,100
Product_328,2,28.46561224,129.8656189,0,2,69.7940701
Product_1167,4,95.69659804,263.5195601,1,3,59.93906458
Product_421,3,55.96141271,183.8732956,0,0,35.24463453
Product_928,1,27.88381749,63.45807855,0,2,83.36647554
Product_663,1,29.49586324,69.04759225,0,1,76.44254993
Product_427,2,43.93742479,121.0856309,0,2,63.81416143
Product_326,2,22.06874049,116.3921419,0,2,75.68720138
Product_198,3,54.12201566,208.843124,0,0,31.17036736
Product_1139,3,47.52230481,222.7324982,0,3,78.47005874
Product_187,3,41.44075273,151.9972933,0,0,48.88016498
Product_943,2,29.48810449,121.0650441,1,5,100
Product_194,1,21.19280663,67.74488417,1,5,100
Product_797,1,27.41506901,97.46365531,0,1,71.79973443
Product_474,1,27.57259973,82.48940234,0,0,69.71581967
Product_92,1,24.87892585,64.39726713,0,2,84.68108365
Product_154,3,73.92168358,186.1216059,0,1,30.81483703
Product_804,2,46.09907479,120.4591294,0,0,52.85863673
Product_13,1,28.58751978,83.86965649,1,5,100
Product_868,3,42.50259369,210.6973116,0,1,41.60924083
Product_459,2,24.86700217,127.9609066,0,2,71.9743176
Product_791,1,12.13186061,99.82631544,1,5,100
Product_634,2,31.91045124,126.7771237,1,2,88.68934965
Product_760,3,79.62716628,244.1278929,0,2,21.36083828
Product_1113,3,27.29032046,306.2038763,1,3,76.19251623
Product_349,1,23.94840534,70.5651986,1,2,100
Product_60,3,58.95239314,185.4064562,0,0,33.44251218
Product_598,1,15.83325157,97.02519764,1,2,100
Product_899,2,32.15308084,148.780096,0,1,59.16744039
Product_273,1,14.12842544,55.01227819,0,1,86.93333165
Product_625,1,13.34965165,57.17347285,1,5,100
Product_9,3,50.70370707,173.5383262,1,5,84.94048123
Product_1103,4,45.90357285,105.3379567,1,3,90.69513247
Product_917,3,45.04008111,169.1062139,0,1,48.65871666
Product_688,1,21.84700657,59.2419199,1,4,100
Product_718,1,19.07579083,52.20329308,0,0,80.02144597
Product_822,1,11.46391848,89.81218047,0,1,81.30560467
Product_488,1,10.58494566,78.28724753,1,4,100
Product_1148,2,10.50823688,224.1435611,1,5,99.43317283
Product_838,3,42.49576274,218.3175563,0,1,40.08860736
Product_796,1,18.13815921,57.93683817,0,0,79.34355276
Product_118,3,79.79277176,171.1431258,1,2,55.87498896
Product_659,3,64.8189514,153.756623,0,2,46.83919971
Product_757,1,22.78239876,58.95158187,1,4,100
Product_491,2,30.5712484,116.3085127,0,0,61.45267326
Product_725,1,18.61775047,64.83062411,1,5,100
Product_152,1,17.96337387,66.40897414,0,0,77.73651824
Product_292,1,17.78591228,79.16261962,1,3,100
Product_223,2,36.65254848,119.3403621,1,2,87.80565334
Product_33,2,33.18535066,120.7572827,0,2,69.25586813
Product_616,1,17.01253862,78.84908062,0,0,75.72391456
Product_1052,4,85.76942097,211.747875,1,4,73.09438621
Product_717,2,41.16757588,128.5599592,1,4,93.70422022
Product_423,1,14.61339623,66.59857524,0,2,89.37358684
Product_1089,2,16.73420044,369.2374435,0,0,58.05599552
Product_188,3,47.00887088,208.6601737,1,2,64.76352981
Product_523,2,23.32968408,110.2401205,0,1,71.28713387
Product_856,2,48.72344057,104.0723606,1,4,94.82380759
Product_1087,3,25.39294373,194.069049,1,1,77.97521198
Product_565,3,48.78215693,214.4213016,1,2,62.72466122
Product_621,1,21.35081697,78.29252802,1,5,100
Product_1196,4,16.99385547,125.9530365,1,2,92.30653971
Product_207,2,28.92645354,118.1250992,1,3,96.91175338
Product_411,1,18.35161552,81.2665085,1,5,100
Product_696,2,36.75927189,118.5486856,0,0,57.91062693
Product_803,2,36.00159886,100.4913776,0,1,66.90092504
Product_451,1,27.24255235,84.89163928,1,4,100
Product_788,2,32.05336402,147.7333178,0,2,64.42665442
Product_901,3,73.60432314,157.8509868,1,2,61.62764106
Product_721,2,32.91588015,143.3989813,1,4,94.86226366
Product_164,2,39.69435822,104.3723251,1,4,99.27835587
Product_181,1,14.19811186,80.63979178,1,3,100
Product_1117,4,67.46679144,90.64346967,0,5,95.6956156
Product_178,2,39.37432438,105.434127,0,0,59.22601242
Product_551,1,18.64669602,94.89676467,0,0,71.69729906
Product_1053,3,83.89151993,173.7344519,0,4,77.45909883
Product_147,3,40.36153876,242.8763421,0,1,36.24396219
Product_1069,2,101.6581877,200.1054253,1,1,54.49200117
Product_183,2,47.56779601,131.3834439,0,0,49.93941322
Product_1179,1,87.07365285,72.4935514,0,2,76.628549
Product_543,3,49.18392643,227.2840083,1,4,69.95123512
Product_643,2,49.78450517,125.447952,1,3,85.01815701
Product_547,1,23.09022429,84.46552061,0,1,76.56178374
Product_661,3,46.79524024,203.8094664,0,2,45.8404866
Product_412,2,47.27660618,111.9909976,1,2,83.96349739
Product_1057,2,25.06810384,65.89626421,1,3,100
Product_103,3,61.86308568,152.8121506,0,1,43.50602703
Product_1176,1,20.21584005,273.8538817,0,2,76.54985982
Product_1154,2,57.09119014,276.1103773,0,2,65.26160523
Product_910,3,73.52921684,244.1905587,1,2,44.39727983
Product_225,1,15.86295461,57.32181283,0,2,90.60416013
Product_461,1,11.62092432,83.09172926,1,4,100
Product_775,1,23.85251904,59.04459507,1,3,100
Product_854,1,15.13553135,71.48366817,0,1,83.13550069
Product_918,1,24.35195531,86.46549002,1,2,100
Product_639,2,35.22235816,116.7908182,0,1,64.03065727
Product_462,1,14.40366404,81.68557999,1,3,100
Product_413,2,36.16105394,109.7479136,1,4,99.96989032
Product_298,2,20.78590126,121.3552523,1,5,100
Product_189,2,43.29342339,131.2716725,1,4,92.0989538
Product_989,1,22.01188667,75.55568192,1,5,100
Product_736,1,26.11340306,57.12782775,0,0,75.51773292
Product_915,1,23.90289108,69.67776681,0,0,74.1130011
Product_300,2,44.95091131,144.8977608,1,3,83.54499218
Product_642,1,26.3459554,93.75668093,0,0,68.07568611
Product_127,3,79.24711347,246.4353234,1,5,56.08937858
Product_846,2,34.30530405,138.3882309,1,2,85.1697018
Product_694,3,65.45497126,208.2144803,1,2,55.62961831
Product_1146,4,35.60372799,192.1399509,1,4,90.10488652
Product_1070,2,86.89654755,80.53638754,1,1,70.87739698
Product_891,1,25.6105103,93.98762011,0,1,73.39722082
Product_610,2,30.8555928,124.2615228,1,5,100
Product_816,1,23.90934413,67.74159278,0,1,79.49700938
Product_699,1,29.42790188,60.11469746,0,1,78.26310957
Product_541,2,20.54019667,116.3110253,0,0,66.4676966
Product_673,1,24.85413042,79.40002317,1,3,100
Product_176,1,29.93748504,78.10944055,0,0,69.40936937
Product_662,1,29.92667832,82.19782897,0,0,68.59709504
Product_866,3,54.21278994,238.8272197,0,1,30.1281611
Product_638,1,26.29650227,89.173478,0,1,74.01705326
Product_305,1,21.90155861,68.73609853,1,3,100
Product_467,1,19.61173155,83.25279945,0,0,73.54357434
Product_511,3,52.39227501,161.6331727,1,4,81.47722795
Product_1046,1,85.3073477,248.4929076,0,4,69.55850493
Product_613,1,16.52922616,77.61830689,1,4,100
Product_281,3,68.57306543,229.008325,0,1,24.91180229
Product_391,2,44.19210852,125.118591,1,2,82.88022754
Product_909,2,23.68762035,101.9973987,1,5,100
Product_99,1,12.21263474,77.3347841,0,0,78.42672581
Product_342,2,24.17736113,131.7661673,1,4,100
Product_1061,1,23.71394075,249.2083402,1,2,77.96498376
Product_590,2,38.05770293,141.3232305,1,5,97.70650244
Product_310,1,25.41824407,90.28244027,1,2,99.23438991
Product_1000,1,27.55948641,93.96397781,0,1,72.42746123
Product_519,1,11.34701203,87.67360553,0,1,81.79177288
Product_778,1,23.66496057,86.54351729,0,0,70.85881626
Product_248,3,52.11723623,208.5808394,1,4,72.225214
Product_710,3,57.29384906,203.0052339,1,3,65.75202869
Product_701,3,50.58540108,243.5523023,0,1,30.99683901
Product_924,2,43.26038451,123.8933677,0,1,58.59113419
Product_384,2,40.07067012,132.915372,1,3,88.38159055
Product_561,3,49.81409257,205.409928,1,4,74.01096811
Product_1165,4,56.69626641,185.3721947,1,0,64.45390061
Product_567,1,29.36386856,85.10537271,1,4,100
Product_408,2,43.16037429,121.4574746,1,5,99.12831794
Product_637,1,16.78900385,91.43264531,1,5,100
Product_283,3,76.83978084,154.4860558,1,4,70.68289843
Product_1115,3,43.82032531,193.0627976,1,4,87.54762265
Product_483,2,23.01912436,133.8199184,0,2,71.72645413
Product_992,3,41.39646211,224.6452129,1,3,69.37272637
Product_337,1,14.99336018,83.98486084,0,1,80.70634774
Product_830,2,42.93583384,102.5582753,0,2,68.02042802
Product_458,2,32.82469064,142.6024208,0,2,65.06717052
Product_746,3,66.17368022,241.5416201,0,0,18.60483586
Product_654,3,70.0698797,169.3339234,0,1,36.09827548
Product_548,2,23.37741171,102.9228994,1,4,100
Product_390,1,29.68166938,60.51592781,0,2,83.05597975
Product_62,1,20.4613085,75.07589802,0,1,79.75416615
Product_433,1,29.89815645,64.79660147,1,2,100
Product_26,1,21.62476443,83.39339534,0,1,77.50893872
Product_539,2,42.61885711,147.3843089,0,1,54.21370968
Product_371,2,35.70172734,109.6011685,1,2,90.22890264
Product_218,3,73.43303712,195.113007,0,0,24.26088005
Product_1147,3,32.81714722,244.3133171,1,4,85.72352413
Product_291,2,45.19406857,114.5955587,1,3,89.48385398
Product_386,2,32.35296625,113.8377066,1,5,100
Product_1077,1,93.48094105,123.3078193,0,1,64.62493576
Product_211,1,10.39421076,97.90590045,0,2,85.22171453
Product_88,1,25.77194422,91.54745855,1,4,100
Product_947,1,21.15566835,65.12331587,0,2,86.39750265
Product_655,3,72.12008288,245.0744713,0,1,19.9250643
Product_535,1,23.66590753,79.27818644,1,2,100
Product_237,2,29.80794849,137.0783054,0,2,67.68036467
Product_1188,1,32.16040795,236.0643279,0,5,91.74544482
Product_358,3,65.29128615,160.116562,0,2,45.33104453
Product_250,3,68.50485332,246.5836669,0,2,26.43083996
Product_350,3,57.31067518,235.3284799,0,2,34.27896644
Product_566,2,25.55990539,133.0671339,1,2,90.60662052
Product_81,3,50.39619917,160.7029134,1,5,87.66131773
Product_274,2,35.51807169,147.0496161,0,1,57.83104093
Product_781,1,27.37809969,91.63058867,1,5,100
Product_227,2,30.66153706,104.487975,1,3,98.77163646
Product_984,1,28.73915646,58.41392943,0,1,78.94763588
Product_156,3,43.81597109,157.0696608,0,2,56.67808229
Product_354,1,19.48428433,91.21752236,1,5,100
Product_448,3,48.57625932,217.2059503,0,0,32.27068029
Product_865,3,50.25852244,216.9315416,1,3,66.48443045
Product_574,1,22.52440643,96.73649577,1,3,100
Product_129,3,71.70380465,179.9423125,0,1,33.15963518
Product_897,1,22.47718649,56.90626466,0,2,87.38015382
Product_1010,4,91.30703945,290.0870914,0,0,43.59917902
Product_431,3,76.58194655,181.9225298,0,2,35.32452077
Product_232,1,21.66083122,62.55846338,1,2,100
Product_508,3,67.40537239,181.8817323,0,0,29.92096735
Product_667,1,11.44396818,69.1607683,0,1,85.44586225
Product_965,1,17.98631832,66.44113089,1,4,100
Product_150,1,10.09264046,68.12798983,0,1,86.3280818
Product_829,2,44.82556766,125.9373924,1,5,97.3997377
Product_149,1,26.05706897,67.54095547,0,0,73.46327442
Product_82,1,16.69811229,84.55279064,1,2,100
Product_161,3,44.74010494,231.6056757,0,1,36.30881239
Product_96,1,27.53531274,71.69219614,1,4,100
Product_79,3,55.52662825,174.3614792,0,2,47.36439004
Product_1019,3,75.73806187,304.5312409,0,5,71.82545734
Product_962,2,25.00859266,109.41161,0,1,70.61338167
Product_546,2,28.44563595,137.1184969,0,2,68.35348265
Product_1125,2,83.72972364,124.6484664,1,3,77.41623626
Product_49,2,24.26748106,117.250842,0,2,74.41609107
Product_1013,3,86.63994885,289.7505938,1,3,60.03295597
Product_1063,4,94.36679727,142.8182295,0,4,77.40813787
Product_636,1,26.03456166,81.50465634,0,1,75.6817879
Product_1141,4,28.47954897,141.1232003,1,5,100
Product_322,3,55.86214728,199.8967944,1,4,72.08956748
Product_75,2,20.5757683,109.4937665,1,3,100
Product_1100,2,96.70802856,238.0879119,0,5,72.17880024
Product_940,1,23.01754738,53.12156636,0,0,77.86691304
Product_560,1,14.59909212,77.82323187,0,1,82.13580757
Product_319,2,42.96538697,148.7705184,0,0,48.76320284
Product_170,2,32.96230649,147.6816304,1,5,98.98252068
Product_853,2,44.13311623,126.435366,1,2,82.64636869
Product_314,2,22.41804541,107.657225,0,1,72.25953229
Product_1177,2,86.40368911,66.00960208,0,1,72.47793306
Product_1159,4,22.81874284,186.8796393,1,3,89.46641321
Product_1156,3,19.35966808,249.9747069,0,3,84.19462889
Product_296,2,30.86706325,135.756251,1,2,87.41521818
Product_58,1,13.27311886,79.76064171,1,4,100
Product_41,1,19.43152377,85.31230813,0,1,78.22177649
Product_525,1,29.46977938,51.28448224,0,1,80.00821386
Product_987,1,17.93963034,59.45978962,0,2,89.13822691
Product_552,1,28.8723184,90.49622102,1,5,100
Product_158,1,19.04435882,61.06193482,1,2,100
Product_2,1,20.49022779,55.57965,0,2,88.6389561
Product_961,1,23.29823449,90.11980153,0,0,70.32692245
Product_1138,3,40.23274582,267.7807978,0,3,76.15209648
Product_91,1,14.9697828,76.57274571,1,2,100
Product_172,2,38.38818747,102.1550054,1,3,95.37490517
Product_101,3,72.27861964,175.7152351,0,2,38.71764316
Product_678,1,10.80218383,81.57293963,0,2,88.28432016
Product_378,1,10.42538822,60.0764189,1,5,100
Product_100,1,26.92904583,95.12065166,0,1,72.51134675
Product_805,2,23.91957031,116.4689635,1,5,100
Product_640,3,66.26917939,202.4254721,0,0,26.38031589
Product_318,2,41.88524686,138.4873311,1,5,96.35991034
Product_530,1,10.49173833,59.81228584,1,4,100
Product_1042,2,72.8089415,166.7741793,1,5,86.47989962
Product_761,1,19.77693161,73.75449364,0,1,80.36063547
Product_61,2,35.81124392,136.2014594,1,3,89.85408615
Product_1097,3,29.63948925,286.470004,0,2,72.46115282
Product_355,1,27.24085302,69.84960811,1,4,100
Product_76,2,27.79439626,101.9478923,0,0,65.71322341
Product_399,3,68.2651948,244.9281172,0,2,26.88177917
Product_241,1,22.48297816,50.31895217,0,0,78.69472049
Product_934,3,47.31351119,161.6747903,0,0,44.00828635
Product_471,3,63.37795639,160.8400373,0,2,46.14301435
Product_826,3,75.44373741,152.5838972,0,0,31.76135185
Product_698,1,14.7508665,59.22295255,1,3,100
Product_437,3,63.57815958,169.5980185,0,1,39.29131652
Product_221,1,26.60439729,83.87190356,0,0,69.92342064
Product_1107,3,92.28503079,288.3221469,0,5,68.48227607
Product_533,3,67.07763132,159.0418978,1,2,64.65280478
Product_731,3,79.95570448,170.3511108,1,5,70.95192559
Product_605,1,14.84090032,70.07308895,1,3,100
Product_466,3,69.51669573,243.3192917,1,4,56.57779379
Product_869,3,48.42027759,168.8499853,1,5,87.01986415
Product_960,1,16.95143048,65.60320223,1,4,100
Product_874,3,46.19701245,158.6116111,0,0,45.17917157
Product_495,2,39.02426415,110.4548682,0,0,58.39689428
Product_1024,4,23.79549495,117.841415,1,4,100
Product_263,3,68.37283314,188.938978,0,2,38.02578784
Product_969,2,28.94156626,128.6385138,0,2,69.8015141
Product_265,2,28.0946216,145.4774237,0,2,66.85720447
Product_1073,2,16.48080982,135.8787618,0,1,86.46788088
Product_954,3,50.52989386,167.1678195,0,2,51.30148917
Product_261,1,29.68804361,81.13767016,1,5,100
Product_908,3,59.70276283,206.8921406,0,1,33.77019047
Product_252,3,47.26455871,214.8030318,0,1,38.40711428
Product_892,1,15.49612071,52.46104573,0,0,81.7597305
Product_20,2,35.07698229,117.8596167,0,1,63.88958551
Product_855,1,15.69745804,87.49299656,0,2,84.65267167
Product_501,2,25.24644312,101.0504578,0,0,67.16668687
Product_585,1,14.01049453,99.88746945,0,0,73.01725884
Product_836,3,58.6003807,241.513882,0,1,27.39703324
Product_916,1,18.08637536,56.53586618,1,4,100
Product_205,2,37.71043071,130.0472742,1,5,100
Product_1160,1,53.95114874,86.08783577,1,4,95.2058718
Product_591,3,56.77086645,165.6612815,0,1,43.48231048
Product_763,1,12.7930251,53.63674739,0,0,82.87613797
Product_727,1,22.34289973,58.49435366,1,5,100
Product_329,1,13.70265858,78.59979391,0,0,77.42871193
Product_56,3,49.12941454,159.7610038,0,2,53.48309197
Product_707,3,43.53539788,246.7864566,0,0,28.87500974
Product_994,3,57.52714453,225.6789223,1,2,56.10064328
Product_256,3,79.39433611,217.3419729,1,2,46.83443737
Product_1079,3,11.99398393,76.55570292,1,5,100
Product_743,3,71.34953004,169.9156898,1,3,65.34209703
Product_1090,3,76.75365649,251.0241559,1,0,51.87148747
Product_1099,2,89.35343599,85.46831353,0,0,64.64713785
Product_1185,2,66.34429776,193.575603,1,2,70.73915037
Product_401,2,26.14643822,124.2508994,0,2,72.07660101
Product_1018,2,112.0821381,224.2428714,0,0,43.95107142
Product_260,1,26.69860474,59.05916395,1,3,100
Product_80,2,26.45605616,122.2091703,1,4,100
Product_845,3,43.40413944,234.5329976,1,3,66.39133076
Product_766,3,63.87407508,161.4741958,1,2,65.7681233
Product_592,3,40.72496164,247.4760081,0,2,40.14231755
Product_993,2,38.23256367,130.9142511,1,5,99.70086796
Product_418,2,31.41260023,105.9605221,0,1,68.10159546
Product_1149,2,25.41019246,122.3397817,1,4,100
Product_597,3,65.13705826,180.3065761,1,2,61.37015564
Product_1135,1,93.34699495,220.0681085,0,3,64.98909067
Product_677,1,29.75299127,91.29661543,0,1,71.86418128
Product_705,2,29.18940496,128.8244452,1,3,94.64040849
Product_121,1,20.11777358,79.74236898,0,0,73.99263942
Product_914,2,38.74351588,102.7550768,1,2,90.07722671
Product_939,3,62.8504188,236.9541169,0,2,31.18396722
Product_89,2,33.63132004,124.1616038,0,2,68.35201922
Product_67,2,31.03278053,118.7412462,0,2,70.73536049
Product_1094,2,58.55361028,266.5584509,1,3,70.77807182
Product_753,3,73.48478511,193.607048,0,0,24.53619784
Product_902,1,27.25594155,87.90202105,1,4,100
Product_773,1,27.36284509,70.48364346,0,0,72.22184876
Product_195,3,60.66793541,223.2219206,1,4,65.02164817
Product_949,1,19.30411225,92.86154687,1,4,100
Product_199,2,44.5335599,119.1061747,1,5,98.91198511
Product_966,2,42.83113371,142.0174089,0,2,60.18095137
Product_971,3,58.72276217,199.4597053,0,2,40.74667786
Product_982,1,17.20272815,92.454901,0,0,72.90765573
Product_107,1,24.40073073,82.85152491,1,5,100
Product_473,3,50.75414058,228.3160029,0,2,38.95972913
Product_258,1,15.15775371,56.01937894,1,2,100
Product_912,1,19.93533718,88.29293219,0,2,82.37374497
Product_514,1,28.74456974,81.61981282,1,3,100
Product_396,2,27.75862505,116.8161697,0,2,72.75745353
Product_772,1,18.87500439,69.96662901,1,5,100
Product_44,1,28.59058288,65.59397179,1,5,100
Product_946,3,73.80483406,187.1270921,0,1,30.67216456
Product_600,1,27.20244794,97.72829644,1,4,100
Product_262,2,38.10463,122.2426216,1,2,86.49916067
Product_449,3,50.83225312,155.2023755,1,4,83.54339834
Product_824,2,34.7697644,116.6888299,1,4,99.27735183
Product_595,1,17.84987113,82.41167344,0,2,84.59272975
Product_4,3,51.49638386,153.3423572,1,3,78.58333662
Product_167,2,47.84250921,101.990572,0,1,60.680631
Product_537,1,15.47253333,54.30160785,1,3,100
Product_238,2,24.46664151,127.3338632,1,5,100
Product_425,1,14.40972418,50.68412074,1,3,100
Product_1034,1,18.77442089,138.0495408,1,1,85.56271966
Product_863,3,49.30023969,157.5412176,1,2,73.84163664
Product_851,2,28.98186765,132.3203688,1,4,99.04499242
Product_807,3,59.53982531,202.8177721,0,1,34.66653292
Product_87,3,68.30885401,193.7765055,0,0,27.09027189
Product_231,3,40.00046539,162.9380617,1,5,92.41215497
Product_185,1,10.73099336,67.73331025,0,2,91.08784127
Product_668,3,66.16530948,178.6279862,0,1,36.19174802
Product_359,2,25.94292898,115.1387564,1,2,94.00078423
Product_168,1,22.64528576,84.19332259,0,0,71.8386926
Product_1044,3,35.50086976,141.127588,1,5,100
Product_145,1,21.82550871,67.96043735,0,2,85.49515817
Product_692,1,22.6312044,76.17006855,0,1,78.45038409
Product_470,3,76.83066434,186.1666083,1,4,64.35134617
Product_72,2,20.33093793,149.7165151,0,1,64.89122801
Product_996,2,39.54919281,141.7229126,0,0,51.88082106
Product_1136,1,54.80469384,172.0336625,0,4,86.3552256
Product_442,3,43.65565945,204.4824676,1,3,72.27567676
Product_840,1,24.36246152,73.58247454,1,2,100
Product_895,2,26.97152969,134.8344494,1,2,89.54734528
Product_1110,3,11.44383747,160.1568856,0,2,90.5511602
Product_364,2,30.48519116,118.9868702,0,2,70.96003037
Product_974,2,30.80151398,113.7106445,0,0,61.85711412
Product_623,2,20.16517397,138.7242802,1,4,100
Product_275,1,12.7377126,83.08593413,0,0,77.01395687
Product_704,1,27.41499803,74.16471425,0,1,76.45955814
Product_93,1,10.67064869,74.64097923,0,0,79.73647981
Product_1127,2,66.32077493,55.05558628,0,1,79.59820889
Product_728,1,24.13554434,56.34722069,1,2,100
Product_123,2,21.25018702,114.9033101,1,2,96.39424448
Product_450,1,29.11302996,76.27351537,1,2,100
Product_770,3,61.10709865,152.1036902,1,4,79.02571263
Product_153,3,52.86679959,167.3963706,0,0,40.08732609
Product_767,3,77.12728392,162.6137658,1,2,58.91360488
Product_630,2,37.1614593,100.5256612,0,1,66.3141381
Product_239,3,49.21666648,190.6332231,1,5,82.26502214
Product_981,3,73.10212209,182.0619907,1,2,57.03654082
Product_22,1,14.84819465,61.72128,0,1,85.23164668
Product_562,2,45.56791623,120.5365772,1,3,88.10872645
Product_847,3,42.84139556,248.0761174,0,0,28.96407873
Product_703,1,14.94462149,75.58537236,0,0,77.41061478
Product_1166,4,94.8687824,174.2233034,0,2,64.11703495
Product_555,1,17.95188796,68.24112351,1,4,100
Product_983,2,43.02702886,106.3055071,0,2,67.22538416
Product_304,1,15.24528089,95.21216457,1,4,100
Product_720,3,75.91676748,191.3665524,1,2,53.76830579
Product_990,2,46.40470214,105.2825173,0,0,55.74114548
Product_1056,4,44.64843668,86.36594884,0,0,77.96887411
Product_279,1,22.01033721,51.18538768,1,4,100
Product_479,1,24.16725953,55.91093111,0,1,81.73418401
Product_17,2,38.18758813,127.2128669,1,2,85.46363256
Product_120,2,42.12301306,147.670144,0,1,54.40446468
Product_850,1,28.68872054,78.85585412,0,2,79.88446891
Product_351,3,67.41775533,235.6153622,1,3,54.1680499
Product_534,3,73.51633499,244.7856567,1,5,59.28470116
Product_970,2,23.16094767,140.9747843,1,2,90.22456931
Product_1093,3,17.09780827,306.6676085,0,3,79.20389667
Product_599,3,50.13089534,185.0006868,1,3,72.93441496
Product_84,1,25.88050379,59.53049165,1,3,100
Product_125,3,42.92326248,163.5745853,1,4,85.8234517
Product_476,1,23.16903669,70.10136084,1,4,100
Product_484,2,27.19622338,115.048316,0,0,63.39222511
Product_352,1,29.4211649,91.30323423,0,0,67.0287707
Product_542,2,48.88431071,137.8096117,1,3,82.9959223
Product_130,2,42.12525078,103.5267819,0,1,63.23201823
Product_1080,3,34.52736609,275.9353509,0,3,77.04825509
Product_414,2,34.93437524,125.2455726,1,4,97.48369787
Product_465,3,69.71525975,191.0498714,0,0,26.93239585
Product_257,2,39.26976578,137.1952594,0,0,52.92606524
Product_881,3,63.22796338,208.5654335,1,2,56.6729316
Product_1083,2,10.3305487,176.7082435,1,3,94.23001104
Product_1012,4,92.51517118,170.5455673,1,2,65.19089192
Product_790,2,46.40944286,112.082946,1,5,99.37868936
Product_266,2,44.75148231,128.4477742,1,5,96.93470401
Product_652,1,14.38427975,74.06389756,1,2,100
Product_691,3,67.6943569,174.0245018,1,5,76.34792118
Product_307,1,19.92732494,52.52865519,1,4,100
Product_1194,3,78.98443625,211.5595218,1,3,70.14871694
Product_538,2,47.32310485,109.0328771,0,2,64.53187216
Product_203,1,10.50772711,52.09576084,1,4,100
Product_259,3,63.62551336,157.8626711,0,2,46.6147091
Product_1081,3,29.29485183,267.8479597,1,0,64.42674848
Product_487,2,33.51052937,123.7078973,0,2,68.50315586
Product_937,2,41.20929462,122.451888,0,1,59.90497508
Product_735,3,74.32093084,182.9073779,1,2,56.25805899
Product_1045,2,64.48641741,279.6782748,0,5,77.6862473
Product_641,1,20.95184752,56.21729207,1,2,100
Product_758,2,46.65211017,135.7992347,0,2,59.51409798
Product_1183,1,56.44262321,113.0135368,0,1,76.76585936
Product_919,3,78.05779303,195.3958833,1,2,51.89192683
Product_113,1,13.63195434,90.04903502,0,1,80.17421583
Product_933,3,48.74839201,202.3286249,0,2,45.16007901
Product_54,1,26.83657554,96.43152811,1,3,100
Product_190,3,51.29914976,201.8015349,1,4,73.99011814
Product_1039,4,61.23435085,206.15108,0,0,61.01458674
Product_884,1,14.2408968,78.22953195,0,2,87.23364521
Product_1021,3,57.0557809,297.3597152,1,0,53.14729421
Product_444,1,21.60172416,67.04792857,1,3,100
Product_518,3,71.57171393,164.5628647,1,2,61.3015701
Product_1051,2,56.4617017,459.6187077,0,2,47.09961871
Product_224,2,41.99213888,104.0290406,1,2,88.19812244
Product_362,3,44.0549159,173.3690449,0,1,48.29873307
Product_502,2,45.67211777,101.7215654,1,5,100
Product_580,2,47.28880458,148.335307,1,2,76.68853631
Product_295,1,24.3809181,65.32164114,0,1,79.74521272
Product_463,1,23.66517527,79.67306914,0,0,72.23279854
Product_898,2,47.87684161,148.7219655,0,2,56.31718609
Product_191,1,20.48780539,68.67289726,1,3,100
Product_208,3,47.44543591,198.7900195,1,2,66.51927814
Product_750,2,20.70056289,115.4734775,1,2,96.55502306
Product_255,1,15.37354719,80.17644033,0,1,81.27793834
Product_802,2,41.66429706,135.0782633,1,2,82.15219881
Product_1161,2,70.29001743,193.8870255,0,5,84.52429223
Product_647,1,11.63259964,70.27114126,1,5,100
Product_776,2,25.8387151,131.0117424,0,2,70.87829396
Product_995,2,24.09802711,135.1638614,1,4,100
Product_545,3,46.61137961,165.3412882,1,3,78.62605255
Product_593,2,38.21268736,148.5922651,1,3,86.17520331
Product_27,1,13.08725431,96.66025439,1,4,100
Product_320,2,24.76724503,128.678164,0,2,71.88074468
Product_799,3,40.76579472,215.7949911,1,5,81.45810442
Product_660,2,21.78574101,115.8228565,0,1,70.94255819
Product_1162,1,45.88150197,290.2019732,0,5,82.21535209
Product_864,3,45.18715913,175.035873,1,4,82.39924584
Product_268,3,41.69689193,178.1284564,0,1,48.52586276
Product_1085,3,53.59596024,173.1486146,1,3,81.60635046
Product_670,3,63.15227018,214.5237645,0,1,30.51911202
Product_234,2,26.0744168,108.0847277,0,0,65.34584606
Product_416,1,13.34067892,80.29984836,0,1,82.26969087
Product_19,2,25.24515882,118.4568097,0,0,63.68605865
Product_499,2,40.5898159,121.275283,1,2,85.45003546
Product_823,2,35.33826387,123.7217457,1,2,87.58651893
Product_220,1,27.11392936,76.56470092,0,1,76.13009514
Product_151,2,38.45038904,118.8526966,1,4,97.00426617
Product_377,1,27.40197748,92.5287264,1,5,100
Product_507,1,25.22055805,66.34705122,0,2,84.12031073
Product_1143,4,55.35863746,273.7822925,1,4,76.01417951
Product_952,1,29.15250569,84.51614235,1,2,98.52051869
Product_71,3,47.83332337,233.2391042,0,1,34.43551748
Product_578,2,23.44798991,123.7554182,1,3,98.52492139
Product_270,1,21.08356005,94.89823234,0,2,80.47857351
Product_311,1,12.13196506,61.21592794,1,3,100
Product_748,2,31.6396028,116.0366791,0,1,65.97286278
Product_1092,2,13.06914361,242.8182031,0,4,91.79743661
Product_1003,3,51.05426604,108.2803782,1,5,98.85568237
Product_1027,2,90.55907468,415.1853733,0,0,31.31374027
Product_1032,4,54.72435647,114.7406756,0,3,87.1086255
Product_1030,4,77.58902722,116.7855522,0,0,65.04473661
Product_695,1,24.31649929,54.00528633,1,4,100
Product_956,2,40.610578,117.1197562,1,5,100
Product_171,2,33.18214969,117.6163527,0,1,64.88565461
Product_734,2,38.17337748,144.777787,0,2,61.95775385
Product_656,2,20.04695316,107.7260415,0,1,73.43131512
Product_38,3,51.73234443,240.6985518,1,4,65.99411742
Product_249,2,40.86854439,147.6031223,0,0,50.04510334
Product_825,3,74.51987325,187.1836785,1,2,55.30332768
Product_83,2,49.27621265,143.0722843,1,5,91.74743682
Product_503,3,42.81967783,201.1938631,1,2,68.35138847
Product_680,2,47.39860843,149.7710756,0,2,56.34648066
Product_389,1,27.47354228,64.70337311,0,0,73.32255424
Product_1098,4,54.17584706,262.4206389,1,1,62.50518199
Product_1075,3,30.77573671,121.8277911,0,1,83.58449988
Product_619,2,38.32340213,114.0912502,1,3,93.0200489
Product_1192,1,39.01740891,192.0642927,1,1,74.08834806
Product_169,1,10.26188913,76.57860763,0,2,89.55333391
Product_975,1,12.55426967,83.88616206,0,1,81.94563275
Product_1152,2,15.29907429,147.4699715,0,5,100
Product_1187,2,76.34119272,159.1508496,1,0,61.18255722
Product_907,2,30.73442252,145.5909285,1,3,90.51460304
Product_14,3,40.77310524,225.8976832,1,5,79.43391074
Product_765,1,16.15859883,67.49689268,1,4,100
Product_336,1,26.98391303,70.42277907,1,4,100
Product_1005,2,103.1947712,197.3276512,1,5,74.30880352
Product_573,3,68.08584385,225.6926845,0,2,30.81854117
Product_395,1,14.77554292,56.29775982,1,5,100
Product_684,1,27.46846476,80.25447593,0,2,80.21487243
Product_393,1,18.42714005,93.27811916,1,2,100
Product_1132,3,43.25931044,157.9509785,0,4,91.22710902
Product_243,3,48.97173933,201.727217,0,2,45.16868694
Product_94,3,78.31736484,223.7431441,1,4,56.09268875
Product_15,2,47.68271572,106.9627035,1,3,89.76610143
Product_1118,4,22.32644798,285.0275714,0,2,74.79930847
Product_941,2,27.40471608,141.062971,1,3,93.08504776
Product_353,3,42.26342625,159.0720883,0,2,57.05386922
Product_34,2,23.16994053,121.1096117,0,2,74.1931074
Product_581,1,12.34616378,66.96526337,0,0,80.43386544
Product_210,1,23.43785487,86.57431799,0,0,70.96620897
Product_356,3,65.66937589,162.8902585,1,4,74.58726035
Product_1171,1,20.3444726,222.6038677,0,4,91.63627145
Product_604,3,72.85553452,215.2728124,0,0,20.51767027
Product_516,1,11.35674118,78.92462541,1,4,100
Product_1011,4,43.45331333,120.5334928,0,4,94.91065673
Product_676,3,48.09016722,248.0005463,0,2,36.35480713
Product_1133,3,77.95683964,69.51020322,0,4,89.66192779
Product_144,2,49.03580105,146.7397759,0,0,46.1341443
Product_312,3,72.68512568,154.4588093,1,4,72.76567531
Product_1007,3,12.62132598,69.78403881,1,1,94.23519832
Product_665,2,33.68709527,116.7439145,0,1,64.80766946
Product_7,3,44.46048849,221.2220205,0,0,33.52535165
Product_367,2,26.7595079,136.3815569,0,2,69.34393467
Product_233,3,60.90040724,159.9146112,1,4,77.56687413
Product_204,2,36.26711616,132.1397535,1,3,90.43849121
Product_872,2,38.40812343,141.4092935,1,4,92.51407959
Product_387,3,43.02334455,234.6785002,0,1,36.55262769
Product_930,2,21.62996104,115.7834241,0,1,71.02833467
Product_979,2,26.26648172,137.0842064,1,5,100
Product_686,1,18.43441854,81.28253947,0,0,74.52628284
Product_879,1,29.02806684,96.63764695,0,2,76.15843719
Product_1036,3,57.92003931,136.1163024,1,5,94.01235796
Product_454,2,40.03759996,130.5181504,1,4,93.87756994
Product_759,3,63.2380152,222.1449157,0,2,33.95200926
Product_301,3,71.44822609,230.5119209,0,1,23.17350278
Product_998,3,57.96155072,163.0317988,0,2,48.41286488
Product_632,2,28.8046647,144.6652247,1,5,100
Product_1198,2,34.79673819,307.5543727,1,4,78.80554127
Product_817,3,41.26975061,192.4372026,0,1,45.87768417
Product_808,2,43.82631988,115.2047318,1,5,100
Product_253,3,54.83764033,174.5454463,0,1,42.67209059
Product_85,1,22.40145512,59.23162287,0,2,86.95294787
Product_246,3,73.93701516,216.6407305,0,0,19.70334632
Product_341,1,28.88118679,84.85818461,1,3,100
Product_165,2,23.84287239,118.8681588,0,1,69.30493204
Product_392,3,64.94595113,207.277251,1,4,66.07157424
Product_338,2,34.62713581,121.5173266,1,5,100
Product_10,3,73.41920903,199.4370811,0,0,23.40297926
Product_1200,3,60.50607914,187.1355315,1,0,63.13462311
Product_532,2,21.26074026,135.8838079,1,2,92.19286829
Product_409,3,69.46140913,194.7302756,1,4,66.32324031
Product_800,3,71.16410346,232.3896382,0,1,22.94002064
Product_938,3,78.79706101,180.8352122,0,0,24.43442706
Product_299,2,20.72575292,123.755017,1,2,94.88612013
Product_309,3,57.50645313,214.5150083,1,3,63.34377177
Product_880,2,23.32994296,119.2529028,0,0,64.48444796
Product_894,2,28.85871482,101.2322202,0,0,65.32419854
Product_815,1,17.92345383,51.25995474,0,0,80.78628214
Product_1049,4,23.70821666,235.6425593,0,1,74.32327907
Product_871,3,45.87687694,246.7328111,1,5,72.7149993
Product_51,2,29.09825443,110.2121053,1,4,100
Product_629,1,10.6317229,54.03077026,0,0,83.8779845
Product_890,2,41.21259432,149.8836132,0,0,49.41698021
Product_586,1,19.83189093,72.5869738,1,2,100
Product_620,3,75.09401813,188.943468,0,2,34.66429734
Product_131,3,77.74806371,177.1717599,1,4,65.69161617
Product_615,3,55.5130436,236.7723153,0,2,34.88901515
Product_464,1,11.52261719,50.81217216,0,0,84.07625697
Product_737,3,49.65985941,201.2088577,1,2,64.92829876
Product_97,1,16.84163497,58.22027645,0,1,84.93512722
Product_1022,2,94.20264274,144.7185674,1,4,77.26735044
Product_1123,4,12.97524747,196.7288718,0,0,76.43453858
Product_780,1,22.3569448,78.91798816,0,2,83.03792997
Product_174,2,27.22078135,119.6108897,0,1,67.46743139
Product_455,1,11.7397352,83.98165912,1,2,100
Product_1017,4,77.53595133,86.11817782,0,2,78.12739682
Product_63,2,23.9213113,121.526791,0,2,73.73398614
Product_588,1,21.63942804,70.03520834,0,1,80.17324431
Product_436,2,47.18429764,104.9747334,0,2,65.41290449
Product_738,1,27.36542561,77.73659016,0,2,80.76996916
Product_217,2,41.79385145,101.2674302,1,3,93.84958823
Product_1168,2,48.94229751,59.077906,1,5,100
Product_953,1,13.50605885,97.25120323,0,0,73.79672993
Product_1040,1,69.89903381,250.961612,1,1,58.93412866
Product_729,1,13.34083816,56.16418896,1,4,100
Product_1064,4,86.0701756,164.3413708,0,1,62.74481024
Product_441,2,25.52674518,130.0396075,1,3,96.22870592
Product_635,2,22.612783,123.8491696,1,5,100
Product_490,1,12.57739735,54.25281927,1,4,100
Product_115,1,21.6678359,78.84286906,1,3,100
Product_1059,2,22.85639539,174.1746237,0,2,85.72561901
Product_1058,4,93.09227417,195.0011371,1,3,67.57220404
Product_419,3,58.01016985,191.8932978,0,2,42.61625552
Product_162,3,51.55539756,193.2067285,0,2,45.58095552
Product_730,2,22.15135667,148.3367114,1,5,100
Product_394,1,24.75164603,55.14212961,0,2,86.59575106
Product_739,2,40.64822707,134.3884603,0,2,62.7981944
Product_606,1,29.73325187,66.90422047,1,2,100
Product_1180,2,78.06571443,154.198878,1,4,81.16039787
Product_651,3,70.66060198,204.574968,0,2,33.75470541
Product_372,3,56.14404009,166.0860293,0,1,43.71077408
Product_179,1,11.34152955,70.88334979,0,0,80.15256527
Product_861,2,28.83858189,134.5821701,1,2,88.66427504
Product_324,3,74.61183036,218.4435361,1,2,49.0053776
Product_134,2,43.23960594,127.2315436,1,2,82.93388832
Product_991,2,26.47222038,140.6425486,1,3,93.6353801
Product_644,1,22.8715539,58.85767616,1,5,100
Product_896,2,28.43013497,136.2663195,0,1,63.53166861
Product_843,3,74.10189685,200.8479035,0,2,32.77947087
Product_841,2,33.44957166,143.3851049,1,4,94.59819319
Product_687,3,72.87323786,244.5017094,0,2,24.66303918
Product_66,2,25.83867535,117.4415954,1,4,100
Product_429,2,47.45270205,122.4539257,1,2,81.78286383
Product_602,3,61.42626397,204.9411832,1,4,68.29863137
Product_1068,2,85.37463254,98.61774948,0,5,89.52583529
Product_999,3,49.49914227,184.5627037,1,2,68.33788812
Product_608,2,22.12796648,117.1513356,0,2,75.50574963
Product_339,1,14.42418884,51.73363521,0,2,92.44117854
Product_108,3,48.36741862,173.5031299,1,2,71.11566472
Product_569,3,56.63100414,241.9792572,1,5,68.28864649
Product_186,1,19.4413389,77.53316897,1,4,100
Product_290,3,53.81367809,244.7152936,1,5,69.15010223
Product_435,2,45.71537771,118.339916,1,5,98.47432794
Product_468,2,45.74531159,146.6283354,1,4,87.80167712
Product_1086,3,18.4228164,216.651305,0,1,77.80802458
Product_1043,1,20.41012396,121.1562233,0,0,81.76134048
Product_927,2,28.52822279,133.1116079,1,4,99.11356702
Product_406,3,44.23623218,204.4108624,0,2,46.99971143
Product_777,3,63.72632876,156.3601436,1,5,81.86480689
Product_709,1,13.27047745,53.10207085,0,0,82.7443471
Product_489,3,57.75677818,165.4786035,1,5,83.02589021
Product_702,3,66.47875779,241.2207571,0,1,23.51646968
Product_385,3,64.14548802,197.1902511,0,2,38.48920578
Product_228,3,41.50284362,203.305529,0,0,38.58747239
Product_568,1,13.71051031,66.56761094,1,4,100
Product_148,3,54.28117376,199.6743428,1,3,67.92454456
Product_48,1,24.6173495,63.05242631,1,5,100
Product_832,2,48.68141431,124.6000865,1,2,80.73927555
Product_272,2,41.23042804,118.1627676,1,3,90.75223246
Product_1071,2,45.98274937,63.75580605,1,3,94.82959458
Product_202,2,45.22109084,111.8741653,1,5,100
Product_1169,2,90.78661682,246.8515488,1,4,68.07886008
Product_293,3,74.26148895,198.3877265,0,0,23.19171023
Product_407,1,14.36507776,88.42906655,0,2,85.13164781
Product_706,2,43.6695548,117.1034717,0,1,59.74452825
Product_335,3,76.24348242,201.8365463,1,4,61.51094952
Product_122,3,50.38167133,241.5814348,1,3,61.49287737
Product_985,1,21.07604481,91.82210962,0,2,81.09755567
Product_716,2,38.032225,148.3484257,0,0,51.31420235
Product_69,2,44.82613687,135.9359057,0,2,60.39975043
Product_972,1,22.47171376,56.58434517,1,4,100
Product_11,3,40.58773555,241.483495,1,5,76.40943323
Product_512,2,29.11839204,146.7697245,0,2,66.08685908
Product_904,1,11.91429111,65.62990125,0,2,90.9168742
Product_505,1,25.5969079,79.13572247,1,4,100
Product_1108,3,35.12741181,304.1557461,1,3,74.04620185
Product_878,2,21.98029532,106.7830734,0,0,67.65323767
Product_405,2,27.16388634,130.7093122,1,2,90.27619439
Product_1105,2,40.04994735,217.9074174,0,5,91.19427405
Product_883,1,14.56159544,72.92592811,0,2,88.13401666
Product_306,2,32.88970438,110.2990018,1,4,100
Product_831,2,37.20586854,111.6429278,0,1,64.06848016
Product_1197,1,26.64047923,179.8803009,0,4,94.01982614
Product_1158,1,68.33514685,110.0578121,1,2,78.49367474
Product_1084,1,24.39557311,227.1497839,0,0,69.96634968
Product_21,1,20.15220757,88.76220259,0,2,82.17145569
Product_575,2,21.90922728,139.8902341,0,2,71.06733955
Product_344,1,28.50496635,62.9914069,1,2,100
Product_1173,3,85.82057489,231.8700685,1,0,51.06682068
Product_315,3,42.06674887,206.6858433,0,1,42.6294569
Product_141,3,66.66401916,232.0849009,1,4,60.25101023
Product_1015,1,85.07492771,157.1060021,0,0,58.76692148
Product_68,2,32.42389258,131.0665312,0,0,57.57474747
Product_942,2,42.22712168,112.2327527,0,1,61.43988861
Product_25,1,15.77261106,98.07461623,0,0,72.49877122
Product_609,3,58.05176452,232.6867847,0,1,29.4367608
Product_749,1,16.3231221,54.92120946,1,5,100
Product_432,3,57.36083891,240.5911671,0,1,28.20134712
Product_517,3,73.14222392,163.5626616,1,3,65.71635572
Product_526,1,29.37755711,64.22706928,0,1,77.46580759
Product_215,2,20.27994859,117.1464831,1,4,100
Product_978,2,33.73098815,129.0378,1,4,97.32694593
Product_849,1,11.20534781,93.08324423,1,2,100
Product_53,2,40.76484025,110.9817464,1,5,100
Product_1055,3,82.31014764,167.1430155,1,2,68.59265415
Product_596,1,19.59877669,53.07231451,0,2,89.58614875
Product_201,1,22.87999086,57.84063527,1,3,100
Product_873,1,29.2585375,70.01564181,1,3,100
Product_920,3,47.0196651,180.1662242,1,5,85.45692262
Product_833,2,26.01423547,115.5117642,0,0,63.89052943
Product_430,3,69.93537399,222.2683574,1,3,55.57864152
Product_712,2,32.92955662,100.4543517,1,2,93.44435134
Product_368,3,60.74803978,236.6595689,0,0,22.29406634
Product_957,2,34.81442121,127.3238181,1,5,100
Product_132,1,22.13430093,99.17836033,0,0,69.09717747
Product_550,3,46.45451204,220.7228328,1,2,62.62817741
Product_18,2,42.94429403,148.7889409,0,2,58.7700648
Product_1026,3,60.97289195,230.7252831,1,3,73.6356041
Product_889,1,17.06842759,86.00787305,1,5,100
Product_374,2,41.6844291,130.1234585,0,0,53.13309375
Product_980,3,55.91462812,236.4994976,1,4,64.74278642
Product_447,2,22.50392255,137.888828,1,4,100
Product_159,1,14.49209646,69.04956368,1,2,100
Product_112,2,39.1160443,114.5680536,0,0,57.52836712
Product_277,3,54.77123081,218.0250688,0,2,39.00937083
Product_363,2,38.25581818,108.3127665,0,2,69.20953761
Product_867,1,13.62876695,54.07874628,0,1,87.36986727
Product_269,2,21.75652788,117.0924521,0,1,70.70324564
Product_842,1,10.36465165,81.28409561,0,2,88.56085505
Product_1164,4,51.14008744,125.4010019,1,0,72.11787357
Product_558,1,18.18668013,59.49680682,0,2,89.00729857
Product_905,3,47.80666069,242.0038164,1,2,57.69590637
Product_415,2,23.164211,138.4373566,1,2,90.73042319
Product_617,3,76.07096114,246.659077,1,3,47.63270402
Product_1129,4,69.61585028,437.6122071,0,0,35.3540242
Product_308,3,78.81028439,207.5792471,1,3,54.07900838
Product_814,3,63.71360722,199.1330432,1,4,68.31658775
Product_373,3,69.51539939,220.0347889,1,3,56.23534253
Product_39,1,25.2045572,50.5142248,1,2,100
Product_102,3,58.38659482,221.9388156,1,5,71.41893948
Product_245,1,15.88931519,86.41854272,1,5,100
Product_821,1,14.54539255,78.36954721,0,0,77.05339429
Product_1014,2,17.64944359,263.7946599,1,4,88.32570093
Product_222,3,66.18602747,169.2315773,0,2,43.06067081
Product_1004,1,16.54084399,302.0228998,0,0,64.83545682
Product_645,3,59.35957473,222.3534573,1,3,60.84952117
Product_1145,3,24.27640772,123.0078253,0,2,90.41629516
Product_1191,1,48.8988684,129.8531202,1,4,92.34502746
Product_741,2,34.56769099,136.8236587,1,3,90.35142276
Product_819,3,43.38261512,210.3792757,1,2,66.23283729
Product_52,1,24.82241299,59.2866536,0,2,85.73146279
Product_521,1,16.91766114,74.9979496,1,2,100
Product_1074,3,85.30085403,195.4454515,1,4,74.86519865
Product_457,2,46.45783275,117.1637745,0,1,58.33832873
Product_754,1,29.30237393,69.65735647,0,2,81.41734174
Product_480,3,49.93534435,204.0217267,1,2,64.22798249
Product_658,3,66.84629894,155.270979,0,2,45.52265474
Product_109,1,23.87896889,69.97593923,1,2,100
Product_733,2,40.31361919,117.4025978,0,2,66.36267085
Product_1104,3,95.23676154,166.0958778,0,3,69.81938375
Product_1111,4,141.9761083,105.4786247,1,5,71.85930505
Product_531,3,47.75452272,242.0040053,0,1,32.72193759
Product_515,1,23.75771445,56.41629311,1,5,100
Product_398,3,67.04105152,173.884516,0,0,31.70257103
Product_65,2,33.49353946,125.619641,1,2,88.12930206
Product_882,3,60.22035042,150.8495579,0,0,39.71991322
Product_932,3,51.14572252,230.710702,0,2,38.28499833
Product_785,3,60.01437785,211.5428915,1,4,67.68423278
Product_601,1,25.59701978,57.57161572,1,5,100
Product_282,3,58.46864575,211.6290748,0,1,33.43986216
Product_913,1,29.7557104,84.58278259,1,3,100
Product_126,1,21.30266367,55.16325044,0,0,78.31601808
Product_43,3,40.05414503,217.6820044,1,2,66.43652661
Product_37,3,40.70209453,215.6562702,0,0,36.51769868
Product_559,3,60.76898283,207.8563932,1,2,58.04422994
Product_142,3,46.50798975,178.1477302,0,2,51.11645907
Product_745,1,10.78687081,70.77215003,1,3,100
Product_175,3,71.50196343,171.1506749,1,2,60.0188833
Product_1155,4,19.34704865,233.7892284,1,0,70.81696257
Product_388,2,36.36295608,117.3501168,0,2,68.3484986
Product_117,1,19.24011607,55.93545478,1,5,100
Product_348,2,39.91369059,142.8967457,0,2,61.46380557
Product_945,3,62.27139644,169.9669738,1,2,64.87090702
Product_32,3,40.6779066,175.2322744,0,2,54.61459182
Product_494,3,59.64382918,198.8950926,1,5,75.39906688
Product_921,3,62.70909272,188.4019074,1,3,65.96507216
Product_769,1,29.39824092,93.71536671,0,2,76.5578062
Product_493,1,13.21519792,80.35676404,1,5,100
Product_64,2,46.59812646,105.9570336,1,2,85.50953005
Product_316,2,34.89383457,130.0125705,1,4,96.55056861
Product_923,2,24.28627884,118.0029951,0,0,64.25626156
Product_29,3,60.85184191,179.4817238,0,1,38.67773428
Product_715,2,31.1351727,122.2758907,1,4,99.9772355
Product_793,1,29.98827452,83.77280227,0,1,73.25130229
Product_40,3,60.71842111,246.832696,1,3,55.27425024
Product_812,2,24.46387908,136.3509264,0,0,60.49787519
Product_529,2,49.30400986,115.2245212,1,2,82.30309083
Product_345,1,13.6115069,94.30430544,0,2,84.33338546
Product_926,2,34.90086268,134.1255865,1,4,95.72445136
Product_28,3,70.91685928,179.2248957,1,4,68.69659123
Product_922,2,35.60509677,148.6284118,1,3,87.47176926
Product_1091,2,57.99219209,194.8006671,0,3,78.12227567
Product_860,1,22.20667567,59.93222884,1,3,100
Product_70,1,16.02755748,90.87039237,1,4,100
Product_478,2,44.84747757,106.5643986,1,5,100
Product_317,2,33.10552108,136.5625295,1,5,100
Product_719,1,14.72100927,59.26384252,1,4,100
Product_827,3,47.8661434,172.1779492,1,2,71.63133846
Product_683,2,41.71919166,126.6661774,1,4,93.80716869
Product_967,3,51.65843654,158.5402484,1,2,72.46273204
Product_614,3,43.02798909,206.8812736,1,2,67.10975073
Product_346,1,21.35890461,94.78449721,1,4,100
Product_111,3,79.24770117,209.6043595,0,0,18.45527751
Product_492,2,45.24342659,123.4278497,1,2,82.69271676
Product_848,1,28.5406909,51.12822559,0,1,80.50400943
Product_209,1,14.62149593,75.12136436,1,3,100
Product_627,3,55.01875714,222.4557909,0,2,37.99946325
Product_774,3,65.98035719,203.9193794,1,5,71.22594552
Product_784,2,24.17590104,110.8726466,0,0,65.73752016
Product_1020,2,56.58562192,122.8977926,0,5,95.73453417
Product_756,3,64.98456192,226.6848898,0,2,32.17074108
Product_563,1,23.03333651,51.04670589,0,0,78.27399057
Product_681,1,18.77230838,70.70705341,0,1,81.47243513
Product_370,3,78.82706182,162.7110491,1,2,58.04425927
Product_786,1,23.53026772,56.99936884,0,1,81.83499238
Product_900,1,13.36028415,83.74466015,1,5,100
Product_226,2,25.64074204,114.8988618,1,2,94.19985663
Product_366,2,24.53740486,148.4909432,1,2,88.03310892
Product_888,2,35.01872804,131.9553923,1,2,86.09955751
Product_675,1,16.91869985,89.98916822,1,2,100
Product_1131,3,63.17124276,265.0609297,0,5,79.5425342
Product_540,2,44.14720331,110.9385854,1,2,85.73868126
Product_1050,3,76.2621098,140.3341824,1,1,68.08794882
Product_948,3,47.00492561,222.5468168,0,0,31.98817383
Product_1009,4,41.82997281,218.1052793,1,3,80.64048022
Product_214,1,13.57089324,96.71520571,1,2,100
Product_977,2,32.98187408,131.2824956,1,4,97.25256383
Product_200,1,15.41489346,59.08894336,1,5,100
Product_1170,4,90.07379686,135.4722001,1,1,64.43064093
Product_747,1,19.04398057,66.76858031,0,2,87.12429365
Product_42,3,54.8695718,244.5715108,1,2,53.65091193
Product_1189,2,66.60600197,215.3490171,0,1,63.48329769
Product_587,3,55.67437493,233.6291313,1,2,55.43698627
Product_1140,2,87.7283745,148.1185485,1,5,83.8696328
Product_740,2,24.21658903,113.6737258,0,1,70.15696033
Product_835,3,78.93530477,227.1473345,0,0,15.10288072
Product_607,2,39.02312094,146.9962186,0,1,56.0891958
Product_744,1,28.73211385,74.4822038,1,2,100
Product_958,1,19.00741873,75.52852044,0,1,80.39058655
Product_1006,1,54.1718186,218.9850316,1,2,71.84995126
Product_862,3,51.97533495,150.9098181,0,0,43.8303689
Product_280,1,23.30073349,91.74736028,0,0,70.0001612
Product_794,1,10.96424078,69.80004832,1,5,100
Product_1065,2,53.25143175,278.3022796,1,4,76.19434252
Product_3,3,75.60860011,245.7971066,1,4,53.03627862
Product_5,1,12.24077804,58.67480252,0,1,87.14465047
Product_443,2,39.62877657,114.2602901,0,0,57.33355369
Product_809,1,26.35668432,58.0728917,1,4,100
Product_343,3,64.85169796,195.495688,1,4,68.47501342
Product_1029,1,97.16814749,234.7304669,1,1,52.37650906
Product_1096,4,81.45012942,140.4128707,1,5,86.52367411
Product_1067,1,65.5034301,152.8785931,0,4,85.06111166
Product_135,3,70.29240829,184.2225525,1,4,68.00928536
Product_114,3,49.67908521,240.9564427,1,5,71.96916885
Product_361,2,33.9179746,128.2208294,0,2,67.39684682
Product_445,2,33.20970255,122.7824775,1,5,100
Product_303,1,10.6236627,63.57460013,1,2,100
Product_105,3,41.75599771,212.6753349,0,1,41.58693418
Product_650,3,42.65853303,200.9508873,1,2,68.48055602
Product_693,3,77.56273918,195.5465572,0,0,22.10931897
Product_1,3,68.52827533,214.0447274,0,1,27.92691685
Product_664,2,31.51516649,147.2353691,0,1,59.79534294
Product_116,2,38.41800754,145.26495,0,0,51.73800624
Product_1016,2,83.03297789,283.8803123,1,3,61.70207541
Product_12,3,55.16376195,171.1714372,1,3,73.18383158
Product_732,1,24.7280403,67.90698583,1,5,100
Product_47,2,49.51036776,121.763114,1,4,90.89219332
Product_453,2,49.52330957,145.64004,1,3,81.11033721
Product_289,2,23.55008573,127.2847984,1,3,97.76799745
Product_424,1,13.53056064,73.2668467,1,3,100
Product_679,1,27.34062992,89.22027366,1,2,98.48563031
Product_143,2,22.46515002,138.472129,0,0,61.07299919
Product_1199,3,75.87713937,287.9126144,0,1,53.44559675
Product_229,3,45.11467205,213.1544379,0,1,39.8117764
Product_1028,4,18.08979146,174.8990753,0,1,82.08315503
Product_813,2,33.88026815,134.6460115,0,0,56.13066363
Product_844,2,47.7914782,138.7938627,0,0,48.34548835
Product_73,2,32.48461995,111.6364174,1,4,100
Product_1101,2,30.25291746,293.921993,1,5,86.53192546
Product_59,3,69.89777626,232.1471253,0,0,18.62168681
Product_271,1,23.02840777,54.20638311,1,2,100
Product_906,1,22.83943001,60.48451387,1,3,100
Product_963,3,43.75106105,213.9374801,1,2,65.33697346
Product_1153,1,11.26466327,262.04762,0,5,95.41583902
Product_1072,3,13.04207281,239.3190627,0,2,82.15547189
Product_1062,2,90.14859904,252.6242308,1,0,47.69299721
Product_376,2,41.23505292,126.4328302,0,0,54.0959075
Product_751,3,70.49210498,155.8237831,0,0,33.58919089
Product_1134,2,61.51787453,190.6783742,0,0,62.47680022
Product_936,3,51.42830271,203.6859147,1,3,68.54866572
Product_779,3,58.1905737,234.1096171,1,4,64.08278974
Product_723,1,16.74006353,97.29854449,0,0,72.17025934
Product_332,1,24.64449773,57.69499523,0,0,76.13875209
Product_323,2,42.54125258,103.4220355,1,2,88.04496662
Product_46,3,78.96777775,180.3735046,1,4,64.4414102
Product_365,3,57.2807571,221.3660283,0,2,37.08641579
Product_666,2,31.07159065,128.5426968,1,3,93.75566531
Product_1076,3,13.06389384,270.4406563,1,1,74.03676622
Product_106,3,46.62999119,164.6096566,1,5,88.76307309
Product_30,3,79.04055293,185.4548209,1,3,58.38875936
Product_633,3,48.80445304,188.2363331,1,4,77.95050686
Product_6,1,17.95711198,68.98757615,0,2,87.22392878
Product_417,2,44.66309482,128.840396,0,1,56.90037339
Product_1157,1,29.64029484,267.1517372,0,3,79.39273782
Product_887,1,26.79722606,96.58702017,1,5,100
Product_286,3,74.46763615,186.8725155,1,5,70.39167881
Product_672,3,46.25906864,232.451707,0,1,35.38012428
Product_400,3,64.40029668,180.5099687,0,2,41.69785792
Product_653,2,44.71371153,102.7483153,0,2,67.09348117
Product_1121,2,90.32990166,139.8402902,1,4,78.91700048
Product_1023,4,34.4897017,263.5031903,0,4,83.30277047
Product_973,3,70.4230257,176.7668437,1,2,59.43511841
Product_212,1,12.08217164,61.02230021,0,0,81.75445414
Product_55,2,35.28266384,145.7500769,1,3,88.2086527
Product_1025,2,51.60119412,296.7373566,0,1,59.84590611
Product_294,1,17.11345433,89.36859791,0,1,78.56955325
Product_762,1,23.33728515,96.12171418,0,2,79.10701459
Product_571,3,61.63620015,204.4126002,0,1,33.29937988
Product_426,3,44.07572403,235.2542645,0,2,40.91128509
Product_331,1,27.45891672,88.00804649,0,0,68.66893234
Product_1095,2,107.6234441,50.68639628,1,4,82.64432715
Product_697,3,47.6370634,200.3719435,1,4,76.10707961
Product_649,2,47.22833008,114.1275134,0,0,53.56033229
Product_818,3,56.93340577,221.4696089,1,4,67.23937534
Product_618,3,48.1389097,195.22151,1,5,81.88624315
Product_438,1,13.07791813,78.84406007,0,1,82.69222892
Product_624,1,14.00300488,64.81629009,0,0,80.03523954
Product_857,2,20.26589855,121.7507297,1,5,100
Product_124,3,63.74243742,229.5110283,1,4,62.22657564
Product_528,2,31.41201647,114.1382729,0,1,66.46633719
Product_360,1,21.92539757,63.5321971,0,2,86.3308618
Product_795,2,31.8541323,138.8863955,0,1,61.29565475
Product_284,2,47.99339994,137.4481575,1,5,93.51366852
Product_1035,2,20.94550775,111.8995295,1,2,92.52639473
Product_1109,3,86.44383214,248.167473,1,5,74.25010306
Product_976,1,26.52135261,62.61573681,1,3,100
Product_410,2,21.95613774,105.3080177,1,3,100
Product_206,3,48.18720436,216.9268292,0,1,37.52103198
Product_764,2,31.68445685,136.9790589,0,2,66.7619598
Product_1144,1,25.87206578,291.5772502,0,4,83.08065525
Product_403,3,63.90673131,180.7087743,1,3,66.90487948
Product_182,3,76.72956347,236.3789623,0,0,14.35942581
Product_988,2,39.72060447,131.4173559,0,0,53.85622659
Product_682,2,46.2109578,126.9110051,1,5,96.51232008
Product_1151,2,41.30940491,193.7509545,1,1,73.23208308
Product_1150,2,57.64965562,286.1794557,1,2,64.08715775
Product_513,3,60.60022639,152.1981815,0,0,39.26025051
Product_577,1,28.41695696,79.22715566,0,2,79.94609039
Product_481,1,23.94942923,85.60685229,0,2,80.90391492
Product_397,2,24.9411906,146.0267943,0,1,63.32404585
Product_885,2,35.67729798,105.6251565,1,4,100
Product_50,2,23.64154818,102.7366353,0,1,72.63189884
Product_163,2,44.35309364,127.3522673,0,0,52.35299972
Product_1116,3,46.53202116,179.4474016,1,5,93.09565349
Product_104,1,12.99834855,96.57774572,0,0,74.18527658
Product_1033,1,91.60285884,228.4469303,1,0,49.67444932
Product_789,1,17.87728811,70.13697424,0,0,77.0339611
Product_646,3,40.21253903,207.7186676,1,5,83.34999696
Product_570,1,25.53193706,69.79686131,0,0,73.27465921
Product_527,3,44.1027185,170.9306076,0,2,53.76251923
Product_500,3,50.40946392,212.5841195,0,2,42.27844414
Product_236,2,31.03822254,110.2897188,0,1,67.42294496
Product_1174,3,85.71121777,249.7648592,0,5,74.31014874
Product_333,1,26.13122296,57.46247349,0,2,85.44189382
Product_955,2,22.67868574,121.9022038,0,1,69.28021637
Product_1126,1,97.95982923,234.2643242,1,3,62.18561881
Product_383,1,29.95868221,88.97583507,1,2,97.22549188
Product_192,2,36.35080757,116.7394521,0,0,58.4767058
Product_173,3,63.08490344,237.3534264,0,2,30.98686299
Product_31,2,29.35448399,133.1573124,1,2,88.69129551
Product_903,2,26.78086993,132.3671067,1,4,100
Product_180,1,24.99920941,55.81792426,1,2,100
Product_798,2,36.29073752,117.9837781,1,5,100
Product_858,1,20.78322553,59.03925753,1,4,100
Product_452,1,26.19032149,95.01320556,1,3,100
Product_128,1,28.44998762,78.39871487,0,1,75.09526322
Product_1066,4,56.5673414,94.56653119,0,0,73.57314446
Product_787,1,14.31350305,70.7909284,0,0,78.6850628
Product_140,1,26.77796173,72.89644972,0,1,77.03172919
Product_36,2,26.48114548,109.785632,1,5,100
Product_1038,2,21.86786037,272.4844087,0,0,66.19120102
Product_783,2,37.41402803,135.2015726,1,2,84.25267146
Product_1124,2,101.2906403,312.1985631,0,5,63.3929516
Product_439,3,65.50752988,247.6489661,0,2,27.71644184
Product_631,1,11.03942567,87.75668087,0,0,76.92895099
Product_23,2,31.02603267,122.0332442,0,2,70.08033483
Product_321,1,15.44290274,87.62341688,0,2,84.75386525
Product_404,3,74.64382534,153.515925,1,2,61.97490232