Product Name,Material Type,Carbon Footprint (kg COâ‚‚),Energy Consumption (kWh),Brand Policy (Eco-Certified),Number of Certifications,Sustainability Score
Product_1,3,68.52827533130471,214.04472739932527,0,1,27.926916854482585
Product_2,1,20.490227791405093,55.579649997862376,0,2,88.63895610472498
Product_3,3,75.60860010544698,245.7971066482454,1,4,53.036278617627424
Product_4,3,51.49638385862319,153.34235724355037,1,3,78.58333662197833
Product_5,1,12.240778043361047,58.674802517751104,0,1,87.14465047476925
Product_6,1,17.95711198091483,68.98757614596587,0,2,87.22392878034941
Product_7,3,44.460488492851056,221.22202051771586,0,0,33.5253516500313
Product_8,2,40.848532667073854,131.56879888216884,1,2,83.2619738900293
Product_9,3,50.70370706911886,173.53832618983574,1,5,84.94048122747341
Product_10,3,73.41920902968778,199.4370811045758,0,0,23.402979264240948
Product_11,3,40.587735546198154,241.48349499968782,1,5,76.40943322696336
Product_12,3,55.16376194687744,171.1714372147971,1,3,73.18383158360186
Product_13,1,28.587519782551716,83.86965649444363,1,5,100.0
Product_14,3,40.77310523670404,225.89768318540308,1,5,79.43391074456736
Product_15,2,47.68271571540183,106.96270353923519,1,3,89.76610143445205
Product_16,1,15.599581873205683,69.3661258987657,1,2,100.0
Product_17,2,38.18758813252933,127.21286685076254,1,2,85.46363256358282
Product_18,2,42.94429402708987,148.78894092744662,0,2,58.770064800965734
Product_19,2,25.245158817812374,118.45680969046023,0,0,63.686058653001766
Product_20,2,35.07698229390327,117.85961669965224,0,1,63.88958551311792
Product_21,1,20.1522075736891,88.76220259174747,0,2,82.17145569480596
Product_22,1,14.848194648301604,61.72128000057573,0,1,85.23164667573404
Product_23,2,31.02603266874594,122.03324417121468,0,2,70.0803348313841
Product_24,2,22.045169281564807,143.99573133635073,0,2,70.17826909194746
Product_25,1,15.772611064805115,98.07461622870561,0,0,72.49877122185632
Product_26,1,21.624764428452245,83.39339533504068,0,1,77.50893871876575
Product_27,1,13.087254305484047,96.66025438796531,1,4,100.0
Product_28,3,70.9168592750446,179.2248956739388,1,4,68.69659122768994
Product_29,3,60.85184190616556,179.4817238346767,0,1,38.67773427998188
Product_30,3,79.04055293116855,185.45482088286073,1,3,58.388759357843576
Product_31,2,29.35448399255779,133.15731244876045,1,2,88.69129551396901
Product_32,3,40.67790659558324,175.23227442637452,0,2,54.614591816933476
Product_33,2,33.1853506589873,120.75728269963729,0,2,69.25586813057888
Product_34,2,23.16994052785232,121.1096116940339,0,2,74.19310739726707
Product_35,3,44.80828916482305,239.5815731560195,1,3,64.67954078638456
Product_36,2,26.48114547528799,109.78563200498246,1,5,100.0
Product_37,3,40.70209453466516,215.65627023996524,0,0,36.51769868467437
Product_38,3,51.732344431222586,240.69855184382436,1,4,65.99411741562383
Product_39,1,25.204557197793733,50.5142247967846,1,2,100.0
Product_40,3,60.71842110850316,246.83269600992548,1,3,55.274250243763326
Product_41,1,19.431523771003167,85.31230812776312,0,1,78.22177648894579
Product_42,3,54.86957179625321,244.57151084410245,1,2,53.6509119330529
Product_43,3,40.05414502861873,217.6820043630047,1,2,66.43652661308968
Product_44,1,28.59058288495652,65.59397178818627,1,5,100.0
Product_45,1,26.612388155754584,66.99859318966242,1,4,100.0
Product_46,3,78.96777775265429,180.37350462250993,1,4,64.44141019917086
Product_47,2,49.51036775790241,121.76311398282769,1,4,90.89219332448326
Product_48,1,24.617349504072884,63.05242631174241,1,5,100.0
Product_49,2,24.267481060615886,117.2508419962283,0,2,74.41609107044638
Product_50,2,23.641548182672867,102.7366353462493,0,1,72.63189883941371
Product_51,2,29.098254427027868,110.21210531842144,1,4,100.0
Product_52,1,24.82241298580118,59.286653600259285,0,2,85.73146278704755
Product_53,2,40.76484025082396,110.98174642972845,1,5,100.0
Product_54,1,26.83657553516544,96.4315281057697,1,3,100.0
Product_55,2,35.28266384449369,145.75007688737637,1,3,88.20865270027788
Product_56,3,49.12941453974796,159.76100381089915,0,2,53.483091967946194
Product_57,3,49.864145399120986,166.68485782055777,1,5,86.73095573632796
Product_58,1,13.27311885731409,79.76064170634373,1,4,100.0
Product_59,3,69.89777626386775,232.14712527761907,0,0,18.621686812542315
Product_60,3,58.952393135917866,185.4064562355094,0,0,33.44251218493918
Product_61,2,35.81124391734955,136.20145943864605,1,3,89.85408615359601
Product_62,1,20.461308495382386,75.07589801750832,0,1,79.75416614880714
Product_63,2,23.921311302205986,121.52679104565185,0,2,73.73398613976663
Product_64,2,46.598126457214,105.9570335998024,1,2,85.50953005143252
Product_65,2,33.493539464639674,125.61964103660533,1,2,88.1293020603591
Product_66,2,25.83867535462295,117.4415953729315,1,4,100.0
Product_67,2,31.03278052631869,118.74124621749988,0,2,70.73536049334069
Product_68,2,32.42389257586781,131.06653120778537,0,0,57.574747470509024
Product_69,2,44.82613686700623,135.93590566311013,0,2,60.39975043387486
Product_70,1,16.02755748328284,90.87039236530546,1,4,100.0
Product_71,3,47.8333233653708,233.23910417019079,0,1,34.43551748327644
Product_72,2,20.330937932859417,149.71651513428574,0,1,64.89122800671313
Product_73,2,32.48461994539284,111.6364174457776,1,4,100.0
Product_74,2,34.44032454905971,102.69152624542295,1,5,100.0
Product_75,2,20.5757683046917,109.493766454796,1,3,100.0
Product_76,2,27.79439626235103,101.94789231742321,0,0,65.71322340533985
Product_77,2,42.80869469366405,119.59054473085858,1,5,99.67754370699626
Product_78,3,65.43818828654913,218.66786117241293,0,1,28.547333622242853
Product_79,3,55.52662824507982,174.36147919821943,0,2,47.3643900378162
Product_80,2,26.456056160517125,122.20917034391833,1,4,100.0
Product_81,3,50.39619916971331,160.7029134211038,1,5,87.66131773092258
Product_82,1,16.698112293141723,84.5527906369631,1,2,100.0
Product_83,2,49.27621264730161,143.07228430106622,1,5,91.74743681613595
Product_84,1,25.88050378540592,59.53049165372249,1,3,100.0
Product_85,1,22.40145511857027,59.23162286736846,0,2,86.95294786724118
Product_86,2,34.63562131779087,138.90231532415996,0,2,64.90172627627257
Product_87,3,68.3088540107011,193.77650549881284,0,0,27.090271894886875
Product_88,1,25.771944224490614,91.54745855275343,1,4,100.0
Product_89,2,33.631320036798826,124.16160379377176,0,2,68.35201922284624
Product_90,1,16.234441355910967,86.74629236974471,1,2,100.0
Product_91,1,14.969782796289316,76.57274570946527,1,2,100.0
Product_92,1,24.878925851453538,64.39726713379963,0,2,84.6810836475133
Product_93,1,10.670648694715588,74.64097922664124,0,0,79.73647980731396
Product_94,3,78.31736484227082,223.7431441427122,1,4,56.09268875032215
Product_95,1,25.24917371481381,79.8040977619153,0,1,76.41459359021003
Product_96,1,27.53531273523499,71.69219614276221,1,4,100.0
Product_97,1,16.841634974318147,58.22027645394394,0,1,84.93512722205215
Product_98,3,67.18481330940432,241.22082367815256,0,0,18.163428609667328
Product_99,1,12.212634739104145,77.33478410360651,0,0,78.42672580972662
Product_100,1,26.929045834690363,95.12065166430517,0,1,72.51134674979379
Product_101,3,72.27861963535975,175.7152351109096,0,2,38.71764316013821
Product_102,3,58.38659481610645,221.93881555748203,1,5,71.41893948045036
Product_103,3,61.86308568129179,152.81215062779236,0,1,43.50602703379562
Product_104,1,12.998348546975475,96.57774571547405,0,0,74.18527658341745
Product_105,3,41.755997705720205,212.6753348542331,0,1,41.58693417629327
Product_106,3,46.62999119280624,164.60965655413202,1,5,88.76307309277047
Product_107,1,24.400730730921488,82.85152491170537,1,5,100.0
Product_108,3,48.36741861631711,173.50312988119185,1,2,71.11566471560307
Product_109,1,23.878968889342,69.97593922934674,1,2,100.0
Product_110,2,47.0528597640627,109.35621352052509,1,3,89.60232741386363
Product_111,3,79.24770116656464,209.60435954776472,0,0,18.455277507164737
Product_112,2,39.11604430424841,114.56805364188722,0,0,57.52836711949834
Product_113,1,13.631954336028514,90.04903502016825,0,1,80.1742158279521
Product_114,3,49.67908521268181,240.95644273803012,1,5,71.96916884605307
Product_115,1,21.66783589532241,78.84286905663501,1,3,100.0
Product_116,2,38.41800754280185,145.26494995052576,0,0,51.73800623849392
Product_117,1,19.240116072882653,55.935454775455575,1,5,100.0
Product_118,3,79.79277175863804,171.14312579989112,1,2,55.87498896070275
Product_119,3,68.46891222984195,176.51707411833556,1,2,60.462129061411915
Product_120,2,42.12301306164457,147.67014396910474,0,1,54.40446467535676
Product_121,1,20.11777357768932,79.74236897509547,0,0,73.99263941613624
Product_122,3,50.38167132704361,241.5814348190744,1,3,61.49287737266331
Product_123,2,21.25018701807153,114.90331005850021,1,2,96.39424447926419
Product_124,3,63.74243741515144,229.51102825267247,1,4,62.22657564188978
Product_125,3,42.9232624810806,163.5745853099901,1,4,85.82345169746168
Product_126,1,21.30266367178418,55.16325044375242,0,0,78.31601807535742
Product_127,3,79.24711347049178,246.43532340359866,1,5,56.08937858403437
Product_128,1,28.449987623545915,78.39871486580402,0,1,75.09526321506624
Product_129,3,71.70380465153534,179.94231248031065,0,1,33.1596351781702
Product_130,2,42.12525078377021,103.52678187964783,0,1,63.232018232185325
Product_131,3,77.74806371280883,177.17175988981796,1,4,65.69161616563198
Product_132,1,22.13430092765712,99.17836032568314,0,0,69.09717747103481
Product_133,1,18.48261342604772,62.9835419475207,0,2,88.161984897472
Product_134,2,43.239605935435456,127.2315435553568,1,2,82.9338883212109
Product_135,3,70.29240828537755,184.22255247789045,1,4,68.00928536173313
Product_136,3,46.466857449478475,248.138333424128,1,3,62.13890459043515
Product_137,2,25.22328006002253,112.34805834959462,0,2,74.91874830006981
Product_138,3,68.73324701488016,191.61609464061578,1,3,62.31015756443676
Product_139,3,49.893612632763336,166.653851349727,0,1,46.72242341367293
Product_140,1,26.777961728918683,72.8964497217014,0,1,77.03172919120038
Product_141,3,66.66401916186477,232.08490092631286,1,4,60.25101023380505
Product_142,3,46.50798975234264,178.14773024509194,0,2,51.116459074810294
Product_143,2,22.46515002429282,138.47212897107784,0,0,61.07299919363802
Product_144,2,49.035801045350915,146.73977587463918,0,0,46.134144302396706
Product_145,1,21.825508714898586,67.96043734913451,0,2,85.4951581727238
Product_146,3,40.4841246710443,208.07685836144216,1,2,68.14256599218942
Product_147,3,40.36153876317169,242.87634212054923,0,1,36.2439621943043
Product_148,3,54.28117375880049,199.67434280059845,1,3,67.92454456048006
Product_149,1,26.057068971960227,67.54095546675077,0,0,73.46327442066973
Product_150,1,10.092640460092056,68.12798982795474,0,1,86.32808180436302
Product_151,2,38.450389041166,118.85269655008494,1,4,97.00426616940001
Product_152,1,17.963373871818867,66.4089741398806,0,0,77.73651823611445
Product_153,3,52.866799586381944,167.39637059033387,0,0,40.08732608874225
Product_154,3,73.92168358405937,186.12160589758116,0,1,30.814837028454086
Product_155,1,16.926919887319226,73.33465604422042,0,2,86.8696088474963
Product_156,3,43.81597109252843,157.06966081843663,0,2,56.67808229004846
Product_157,3,57.14808083945734,186.15401877629566,0,1,39.19515582501219
Product_158,1,19.044358817796144,61.0619348223032,1,2,100.0
Product_159,1,14.49209645879964,69.04956368341999,1,2,100.0
Product_160,3,66.49736046804273,197.45335626224409,1,4,67.26064851352982
Product_161,3,44.74010494392606,231.60567571143235,0,1,36.30881238575049
Product_162,3,51.55539755636663,193.20672850666176,0,2,45.58095552048432
Product_163,2,44.353093642704124,127.35226728077889,0,0,52.35299972249216
Product_164,2,39.69435821994508,104.37232508999428,1,4,99.2783558720286
Product_165,2,23.842872390986003,118.86815883983255,0,1,69.30493203654049
Product_166,1,17.24787798233266,55.932188287079015,1,4,100.0
Product_167,2,47.8425092097815,101.9905719722877,0,1,60.680631000651715
Product_168,1,22.645285758390607,84.19332259176716,0,0,71.83869260245126
Product_169,1,10.261889131766672,76.57860763433656,0,2,89.55333390724934
Product_170,2,32.96230648832588,147.68163039148448,1,5,98.98252067754017
Product_171,2,33.18214969083357,117.61635271262696,0,1,64.88565461205782
Product_172,2,38.38818747483576,102.1550054474162,1,3,95.37490517309887
Product_173,3,63.08490344153283,237.35342642452144,0,2,30.986862994329286
Product_174,2,27.22078135497515,119.610889671677,0,1,67.46743138817703
Product_175,3,71.50196343435117,171.1506749281768,1,2,60.01888329718904
Product_176,1,29.937485036918947,78.10944055322625,0,0,69.40936937089526
Product_177,3,62.56296115334071,182.00161130873917,0,0,32.3181971615818
Product_178,2,39.37432437965618,105.4341269687346,0,0,59.22601241642499
Product_179,1,11.34152954776855,70.88334979084973,0,0,80.15256526794577
Product_180,1,24.999209407983557,55.81792425822479,1,2,100.0
Product_181,1,14.198111861911716,80.63979177682552,1,3,100.0
Product_182,3,76.72956346701748,236.37896229650033,0,0,14.359425807191187
Product_183,2,47.56779600918664,131.38344385794045,0,0,49.9394132238186
Product_184,1,13.813754413273331,53.84015241572108,1,3,100.0
Product_185,1,10.730993356961898,67.73331024925415,0,2,91.08784127166822
Product_186,1,19.441338902199984,77.53316897204257,1,4,100.0
Product_187,3,41.44075273165706,151.99729325780282,0,0,48.88016498261091
Product_188,3,47.00887088423309,208.66017374045606,1,2,64.76352980979223
Product_189,2,43.293423394991734,131.2716725083297,1,4,92.09895380083819
Product_190,3,51.29914975908107,201.80153489085197,1,4,73.99011814228906
Product_191,1,20.4878053865516,68.67289725663527,1,3,100.0
Product_192,2,36.350807566908145,116.73945209453396,0,0,58.476705797639134
Product_193,1,18.01526121750652,55.293715910656466,0,2,89.93362620911545
Product_194,1,21.19280662616436,67.7448841743277,1,5,100.0
Product_195,3,60.66793540905071,223.22192063122225,1,4,65.02164816923019
Product_196,2,24.944444471883113,107.42533908218404,1,3,100.0
Product_197,3,51.299842638914086,231.31420044817253,1,2,58.087238590908456
Product_198,3,54.122015664012096,208.84312404534523,0,0,31.170367358924892
Product_199,2,44.53355989570835,119.10617472299866,1,5,98.91198510754609
Product_200,1,15.414893462871076,59.0889433608681,1,5,100.0
Product_201,1,22.879990864780314,57.840635265840284,1,3,100.0
Product_202,2,45.221090840336004,111.8741652584692,1,5,100.0
Product_203,1,10.507727113206897,52.095760835812875,1,4,100.0
Product_204,2,36.26711616475545,132.13975352531546,1,3,90.43849121255917
Product_205,2,37.71043071376319,130.04727422688595,1,5,100.0
Product_206,3,48.187204362291354,216.9268291750835,0,1,37.52103198383762
Product_207,2,28.92645353956462,118.12509922657566,1,3,96.91175338490255
Product_208,3,47.44543591013392,198.79001952793018,1,2,66.51927813934701
Product_209,1,14.621495931761428,75.12136435831883,1,3,100.0
Product_210,1,23.43785487197457,86.5743179851558,0,0,70.96620896698155
Product_211,1,10.394210755087283,97.9059004459717,0,2,85.22171453326203
Product_212,1,12.082171639691477,61.02230021227095,0,0,81.75445413770008
Product_213,3,42.76030370451265,198.01835152618878,1,2,69.01617784250593
Product_214,1,13.570893241086672,96.71520570837451,1,2,100.0
Product_215,2,20.279948594812797,117.14648313795979,1,4,100.0
Product_216,2,27.40036593564869,134.1935062454516,0,0,59.46111578308533
Product_217,2,41.79385145339015,101.26743021319692,1,3,93.84958823066555
Product_218,3,73.43303711642065,195.11300697978413,0,0,24.26088004583285
Product_219,1,24.44533863711318,87.6198941151894,0,2,80.25335185840552
Product_220,1,27.113929362125717,76.56470091754659,0,1,76.13009513542784
Product_221,1,26.604397291339833,83.87190356141473,0,0,69.92342064204713
Product_222,3,66.18602747463818,169.23157727843505,0,2,43.06067080699389
Product_223,2,36.652548479068585,119.340362102594,1,2,87.80565333994691
Product_224,2,41.992138880890245,104.02904061432568,1,2,88.19812243668974
Product_225,1,15.862954605220265,57.32181283014081,0,2,90.60416013136171
Product_226,2,25.640742038462484,114.89886177479218,1,2,94.19985662581031
Product_227,2,30.661537060572183,104.48797502800785,1,3,98.77163646411233
Product_228,3,41.502843615956294,203.30552900947112,0,0,38.58747239012763
Product_229,3,45.1146720488967,213.15443786761602,0,1,39.81177640202844
Product_230,3,70.62187002063443,204.29404444893277,1,5,68.83025609989622
Product_231,3,40.00046539021464,162.9380616966701,1,5,92.41215496555867
Product_232,1,21.66083121939384,62.55846337742007,1,2,100.0
Product_233,3,60.90040724342354,159.9146112277624,1,4,77.56687413273575
Product_234,2,26.074416804957124,108.08472766369934,0,0,65.34584606478157
Product_235,1,26.34887123476882,75.70477212756299,1,2,100.0
Product_236,2,31.038222539062534,110.28971884947109,0,1,67.42294496057451
Product_237,2,29.807948490142373,137.07830542334148,0,2,67.68036467026052
Product_238,2,24.46664150997334,127.33386324486558,1,5,100.0
Product_239,3,49.216666484693995,190.63322309637678,1,5,82.26502213837765
Product_240,3,40.058952883452456,242.6585383218381,1,3,66.43881589390614
Product_241,1,22.482978156982682,50.31895217032953,0,0,78.69472048744275
Product_242,1,18.18823304382481,98.91773935284283,0,1,76.12233560751902
Product_243,3,48.97173933140181,201.72721697543105,0,2,45.16868693921288
Product_244,2,41.66212814608211,145.82445755577572,0,1,55.00404441580379
Product_245,1,15.889315190838353,86.4185427169823,1,5,100.0
Product_246,3,73.937015163621,216.6407304694919,0,0,19.703346324291118
Product_247,3,56.90516788054437,178.54040684634225,0,2,45.839334690459374
Product_248,3,52.11723622561717,208.58083942152444,1,4,72.22521400288652
Product_249,2,40.868544394904205,147.60312233195015,0,0,50.045103336157865
Product_250,3,68.50485332394051,246.58366688075836,0,2,26.43083996187808
Product_251,3,72.67117866022545,167.4784987883366,1,5,75.16871091221995
Product_252,3,47.264558710264104,214.8030318055214,0,1,38.40711428376366
Product_253,3,54.837640326310606,174.54544625389303,0,1,42.67209058606609
Product_254,1,10.449386166402348,51.288479938217556,0,0,84.51761092915531
Product_255,1,15.373547187698922,80.17644032505605,0,1,81.27793834113932
Product_256,3,79.39433611049904,217.34197289114326,1,2,46.834437366521826
Product_257,2,39.26976577715682,137.1952593651076,0,0,52.92606523840007
Product_258,1,15.157753708664046,56.01937893945445,1,2,100.0
Product_259,3,63.625513359785515,157.8626710989758,0,2,46.61470910031208
Product_260,1,26.69860473598598,59.059163952504136,1,3,100.0
Product_261,1,29.68804361407104,81.13767016199205,1,5,100.0
Product_262,2,38.104629997893646,122.24262164137704,1,2,86.49916067277776
Product_263,3,68.37283313890438,188.93897796668733,0,2,38.02578783721034
Product_264,3,46.69285216004241,223.26126992403988,0,1,37.00131993517082
Product_265,2,28.09462160384643,145.4774236506069,0,2,66.8572044679554
Product_266,2,44.751482305401865,128.44777416409255,1,5,96.93470401448056
Product_267,3,78.08887142790378,173.89976802115513,0,2,36.17561068181708
Product_268,3,41.69689192827567,178.1284563553034,0,1,48.52586276480148
Product_269,2,21.756527877319375,117.09245209586291,0,1,70.70324564216773
Product_270,1,21.083560050315867,94.89823234238943,0,2,80.47857350636417
Product_271,1,23.028407767037287,54.20638311296914,1,2,100.0
Product_272,2,41.23042804222747,118.16276758379051,1,3,90.75223246212816
Product_273,1,14.128425435212064,55.01227818614383,0,1,86.93333164516521
Product_274,2,35.51807169324828,147.04961612872185,0,1,57.831040927631484
Product_275,1,12.737712601376145,83.08593413219782,0,0,77.01395687287237
Product_276,1,28.0003728369621,80.12247209832938,1,2,99.97531916185306
Product_277,3,54.77123080862164,218.0250688330374,0,2,39.0093708290817
Product_278,3,77.31699450278688,232.54398957486288,1,3,49.83270483363398
Product_279,1,22.010337208673068,51.18538768222592,1,4,100.0
Product_280,1,23.30073349092511,91.74736028472019,0,0,70.00016119759341
Product_281,3,68.5730654293999,229.00832499714377,0,1,24.911802285871296
Product_282,3,58.468645752524765,211.62907483541446,0,1,33.439862156654726
Product_283,3,76.83978084386302,154.4860557627717,1,4,70.68289842551414
Product_284,2,47.99339994030673,137.44815754301993,1,5,93.51366852124264
Product_285,1,20.37835410565675,96.32318989780924,0,0,70.54618496760978
Product_286,3,74.4676361514938,186.8725155470846,1,5,70.39167881483618
Product_287,1,13.325667375121588,52.53112361345371,0,2,92.83094158974846
Product_288,2,43.56954854240696,137.46847183224784,0,2,60.72153136234695
Product_289,2,23.55008572770162,127.28479844065129,1,3,97.76799744801893
Product_290,3,53.813678089795516,244.71529360063548,1,5,69.15010223497514
Product_291,2,45.19406856906852,114.59555867489036,1,3,89.48385398048767
Product_292,1,17.785912280839533,79.16261961562785,1,3,100.0
Product_293,3,74.26148894991707,198.38772645642592,0,0,23.191710233756282
Product_294,1,17.113454329298982,89.36859790746365,0,1,78.56955325385778
Product_295,1,24.38091810368491,65.32164113516858,0,1,79.74521272112383
Product_296,2,30.867063249568652,135.7562509908444,1,2,87.4152181770468
Product_297,2,30.035338662257963,147.85674162698982,0,1,60.41098234347305
Product_298,2,20.785901255961942,121.35525226801715,1,5,100.0
Product_299,2,20.725752916740657,123.75501703458602,1,2,94.88612013471247
Product_300,2,44.9509113102732,144.89776080925097,1,3,83.5449921830132
Product_301,3,71.44822609044232,230.5119208754665,0,1,23.173502779685535
Product_302,1,14.298807571815136,85.47194323169873,1,5,100.0
Product_303,1,10.623662701225694,63.57460012713557,1,2,100.0
Product_304,1,15.245280885996502,95.21216457037826,1,4,100.0
Product_305,1,21.901558614005097,68.73609852536882,1,3,100.0
Product_306,2,32.88970438216805,110.29900179384808,1,4,100.0
Product_307,1,19.927324944024726,52.52865519121144,1,4,100.0
Product_308,3,78.81028438904228,207.57924711223097,1,3,54.079008383032665
Product_309,3,57.50645312592814,214.51500833009032,1,3,63.343771771017856
Product_310,1,25.418244074916437,90.2824402681671,1,2,99.23438990890837
Product_311,1,12.131965062675436,61.215927942676316,1,3,100.0
Product_312,3,72.6851256806234,154.4588092734144,1,4,72.76567530500542
Product_313,3,61.8572126431139,164.30619527234023,1,4,76.210154623975
Product_314,2,22.418045412713738,107.65722500419781,0,1,72.25953229280356
Product_315,3,42.06674886631844,206.68584332940947,0,1,42.62945690095888
Product_316,2,34.893834570658996,130.01257050497915,1,4,96.55056861367467
Product_317,2,33.10552107845538,136.56252946736876,1,5,100.0
Product_318,2,41.8852468595719,138.48733114285437,1,5,96.35991034164317
Product_319,2,42.96538696973329,148.77051838423725,0,0,48.763202838285906
Product_320,2,24.76724503008061,128.6781640013355,0,2,71.8807446846926
Product_321,1,15.442902744599253,87.62341687932471,0,2,84.75386525183544
Product_322,3,55.86214727959853,199.8967944220793,1,4,72.08956747578488
Product_323,2,42.54125258087137,103.4220354621313,1,2,88.04496661713804
Product_324,3,74.6118303563565,218.44353610693076,1,2,49.005377600435594
Product_325,3,46.29092832718862,200.32204148586345,1,3,71.790127539233
Product_326,2,22.068740490692637,116.39214189429092,0,2,75.6872013757955
Product_327,1,29.00474707641605,76.49702934651165,1,3,100.0
Product_328,2,28.465612240796005,129.8656189165356,0,2,69.79407009629487
Product_329,1,13.702658576772393,78.59979391417964,0,0,77.42871192877787
Product_330,3,71.86725588765489,167.23863621051663,1,5,75.61864481406923
Product_331,1,27.458916717528165,88.00804648950796,0,0,68.66893234333433
Product_332,1,24.644497728191226,57.69499523468868,0,0,76.13875208896665
Product_333,1,26.131222957228996,57.462473487073694,0,2,85.44189382397076
Product_334,3,73.31321507153083,246.2338057481207,0,2,24.09663131461044
Product_335,3,76.24348241925043,201.83654633353206,1,4,61.51094952366837
Product_336,1,26.983913031306386,70.42277907042413,1,4,100.0
Product_337,1,14.99336017718372,83.98486084166726,0,1,80.70634774307469
Product_338,2,34.62713581020153,121.51732661861001,1,5,100.0
Product_339,1,14.424188836392045,51.73363521130332,0,2,92.44117853954332
Product_340,2,21.879596103660635,135.3302064497109,1,3,96.9941606582275
Product_341,1,28.881186793732265,84.85818460689902,1,3,100.0
Product_342,2,24.177361133527853,131.76616733541604,1,4,100.0
Product_343,3,64.8516979619844,195.4956879727737,1,4,68.47501342445305
Product_344,1,28.504966348313317,62.991406897014976,1,2,100.0
Product_345,1,13.61150690254667,94.30430544067582,0,2,84.3333854605915
Product_346,1,21.358904611052587,94.78449721333082,1,4,100.0
Product_347,1,28.309765951760838,64.86436021406632,0,0,72.87224498130632
Product_348,2,39.91369058526767,142.89674569986644,0,2,61.46380556739288
Product_349,1,23.9484053449368,70.56519860331156,1,2,100.0
Product_350,3,57.3106751839705,235.3284798567202,0,2,34.278966436670714
Product_351,3,67.41775532887607,235.61536219946603,1,3,54.16804989566876
Product_352,1,29.421164903307357,91.30323422741428,0,0,67.02877070286347
Product_353,3,42.26342624586862,159.07208827478308,0,2,57.05386922210907
Product_354,1,19.484284333149276,91.21752236246748,1,5,100.0
Product_355,1,27.240853019786268,69.84960811037371,1,4,100.0
Product_356,3,65.66937589194232,162.8902585073499,1,4,74.58726035255887
Product_357,1,16.382009464865114,86.89754736987962,1,2,100.0
Product_358,3,65.2912861455056,160.1165619613103,0,2,45.331044534985146
Product_359,2,25.942928982792203,115.13875641359836,1,2,94.00078422588422
Product_360,1,21.92539756964106,63.53219709908828,0,2,86.33086179536181
Product_361,2,33.91797460065008,128.2208293889874,0,2,67.39684682187747
Product_362,3,44.05491590212637,173.36904488253637,0,1,48.29873307242954
Product_363,2,38.255818180893996,108.31276651748503,0,2,69.209537606056
Product_364,2,30.485191162604565,118.98687024108244,0,2,70.96003037048123
Product_365,3,57.28075710378024,221.36602831121536,0,2,37.086415785866805
Product_366,2,24.537404862048035,148.49094323168924,1,2,88.03310892263812
Product_367,2,26.759507898537052,136.38155688498443,0,2,69.3439346737346
Product_368,3,60.7480397752238,236.65956885955035,0,0,22.294066340478032
Product_369,2,45.51848173523413,138.11060291570885,0,0,49.61863854924116
Product_370,3,78.82706181638977,162.7110490867024,1,2,58.044259274464636
Product_371,2,35.70172734123099,109.60116845681722,1,2,90.22890263802105
Product_372,3,56.14404009446365,166.08602934850978,0,1,43.71077408306621
Product_373,3,69.51539939338424,220.03478888665694,1,3,56.23534252597648
Product_374,2,41.68442909625451,130.12345852286333,0,0,53.13309374730007
Product_375,2,22.03005085700005,124.48929339941203,1,3,99.08711589161757
Product_376,2,41.23505291689306,126.43283019946378,0,0,54.095907501660704
Product_377,1,27.401977478018598,92.5287264007558,1,5,100.0
Product_378,1,10.425388217007743,60.076418900315645,1,5,100.0
Product_379,1,27.49403345368399,96.72165193767208,1,2,96.9086528856236
Product_380,3,59.3215879023556,245.02792236114072,0,2,31.333621576594055
Product_381,2,24.97323620489827,109.28884773493539,0,1,70.65561235056379
Product_382,3,51.49846659589001,189.4190494599908,0,2,46.36695681005683
Product_383,1,29.95868221066675,88.97583507120316,1,2,97.22549188042599
Product_384,2,40.07067011987325,132.9153719753031,1,3,88.38159054500275
Product_385,3,64.145488022375,197.1902510564523,0,2,38.489205777522045
Product_386,2,32.35296624753526,113.83770659756543,1,5,100.0
Product_387,3,43.023344554162676,234.67850018697453,0,1,36.552627685523746
Product_388,2,36.36295608220716,117.35011677061,0,2,68.3484986047744
Product_389,1,27.473542283726776,64.70337310883889,0,0,73.32255423636883
Product_390,1,29.681669383985902,60.51592781428968,0,2,83.0559797451491
Product_391,2,44.192108516985186,125.11859099860477,1,2,82.88022754178645
Product_392,3,64.94595113161064,207.27725097371092,1,4,66.0715742394525
Product_393,1,18.427140045541403,93.27811915861017,1,2,100.0
Product_394,1,24.75164603177783,55.142129607873834,0,2,86.59575106253632
Product_395,1,14.775542915366046,56.29775981896791,1,5,100.0
Product_396,2,27.758625046641164,116.81616971351667,0,2,72.75745353397609
Product_397,2,24.941190602968877,146.02679425512773,0,1,63.32404584749001
Product_398,3,67.0410515221019,173.8845160403607,0,0,31.70257103087691
Product_399,3,68.26519479514837,244.92811717559837,0,2,26.881779167306135
Product_400,3,64.40029668317942,180.50996868195267,0,2,41.69785792201976
Product_401,2,26.146438224521376,124.25089937620206,0,2,72.0766010124989
Product_402,2,46.33490234456123,104.27015150813608,1,3,90.97851852609217
Product_403,3,63.90673130810812,180.70877433602487,1,3,66.90487947874095
Product_404,3,74.64382534446766,153.5159250271194,1,2,61.97490232234229
Product_405,2,27.16388634144618,130.70931221595058,1,2,90.27619438608679
Product_406,3,44.2362321761503,204.41086239394684,0,2,46.999711433135474
Product_407,1,14.365077757301282,88.4290665456601,0,2,85.13164781221732
Product_408,2,43.16037428929971,121.45747459791609,1,5,99.12831793576693
Product_409,3,69.4614091333917,194.73027562526005,1,4,66.32324030825214
Product_410,2,21.95613773781476,105.30801767737336,1,3,100.0
Product_411,1,18.35161551569857,81.2665084977227,1,5,100.0
Product_412,2,47.27660617584681,111.99099761032952,1,2,83.96349739001069
Product_413,2,36.161053938581425,109.74791357493153,1,4,99.96989031572298
Product_414,2,34.934375241028704,125.24557256250696,1,4,97.48369786698426
Product_415,2,23.164210998698916,138.43735656812564,1,2,90.73042318702542
Product_416,1,13.340678921841505,80.29984836355128,0,1,82.26969086636899
Product_417,2,44.66309481800677,128.8403959819128,0,1,56.900373394614064
Product_418,2,31.412600225226868,105.96052214202867,0,1,68.10159545898082
Product_419,3,58.01016984571561,191.8932977983946,0,2,42.61625551746327
Product_420,2,48.93429961702435,102.63719760811087,1,3,90.00541066986565
Product_421,3,55.961412705697384,183.87329557744314,0,0,35.24463453166267
Product_422,1,20.25377022033017,96.44297749227829,1,2,100.0
Product_423,1,14.613396234355173,66.59857523679227,0,2,89.37358683546395
Product_424,1,13.530560640110165,73.2668466969743,1,3,100.0
Product_425,1,14.409724181403508,50.68412073803405,1,3,100.0
Product_426,3,44.07572403491747,235.25426448755002,0,2,40.91128508503126
Product_427,2,43.93742478847682,121.08563087629582,0,2,63.81416143050242
Product_428,1,17.002505183334602,51.392612041053724,1,4,100.0
Product_429,2,47.45270205221129,122.45392570674379,1,2,81.78286383254559
Product_430,3,69.93537398704925,222.26835744744866,1,3,55.57864151698564
Product_431,3,76.58194655394236,181.92252977861884,0,2,35.32452076730505
Product_432,3,57.36083890835035,240.59116712346474,0,1,28.201347121131867
Product_433,1,29.898156452928706,64.79660147183081,1,2,100.0
Product_434,2,29.5028503120258,105.33118094682989,0,2,74.18233865462112
Product_435,2,45.71537770996259,118.33991603231343,1,5,98.47432793855603
Product_436,2,47.18429764297299,104.97473344364823,0,2,65.41290448978387
Product_437,3,63.578159579387886,169.59801847017619,0,1,39.29131651627082
Product_438,1,13.077918126797101,78.84406006556043,0,1,82.69222892348937
Product_439,3,65.50752987583742,247.64896611478872,0,2,27.716441839123547
Product_440,3,49.68088319923509,187.62593293304218,0,0,37.63437181377402
Product_441,2,25.526745177140782,130.03960746698095,1,3,96.22870591803341
Product_442,3,43.655659453271056,204.48246756734318,1,3,72.27567675989583
Product_443,2,39.62877656974885,114.2602901340207,0,0,57.33355368832143
Product_444,1,21.601724156756223,67.04792857177792,1,3,100.0
Product_445,2,33.20970255105047,122.78247747199387,1,5,100.0
Product_446,1,27.54921725260761,70.32952686797361,0,1,77.15948600010148
Product_447,2,22.503922549681498,137.8888280187579,1,4,100.0
Product_448,3,48.57625931972658,217.20595026617355,0,0,32.270680286902
Product_449,3,50.8322531214789,155.20237550294468,1,4,83.54339833867161
Product_450,1,29.113029964595068,76.27351536779466,1,2,100.0
Product_451,1,27.24255234530901,84.8916392752585,1,4,100.0
Product_452,1,26.19032149449756,95.01320556010353,1,3,100.0
Product_453,2,49.523309571094934,145.6400400203931,1,3,81.11033721037391
Product_454,2,40.03759996410881,130.51815039090786,1,4,93.87756993976402
Product_455,1,11.739735198228203,83.98165911975718,1,2,100.0
Product_456,3,43.24596714144957,180.006708290544,0,0,42.375674771166416
Product_457,2,46.45783274913932,117.16377445322242,0,1,58.33832873478585
Product_458,2,32.82469063761845,142.60242079023465,0,2,65.06717052314384
Product_459,2,24.867002173474383,127.96090658842292,0,2,71.97431759557821
Product_460,1,19.917514701575417,60.8945689813372,1,5,100.0
Product_461,1,11.620924318152959,83.0917292556999,1,4,100.0
Product_462,1,14.403664038996226,81.68557998827646,1,3,100.0
Product_463,1,23.66517527319192,79.67306913523619,0,0,72.2327985363568
Product_464,1,11.522617189806004,50.812172160472684,0,0,84.07625697300246
Product_465,3,69.71525974671756,191.04987136973793,0,0,26.932395852693638
Product_466,3,69.51669573416102,243.31929170490184,1,4,56.577793791939115
Product_467,1,19.61173154653296,83.25279945033157,0,0,73.5435743366672
Product_468,2,45.74531159471492,146.62833543529806,1,4,87.80167711558293
Product_469,1,26.493619318502983,67.13654627139536,0,1,78.32588108646942
Product_470,3,76.83066433853429,186.1666083195043,1,4,64.351346166832
Product_471,3,63.377956390297044,160.84003727166228,0,2,46.14301435051902
Product_472,2,29.430503395512453,138.31736065523262,1,5,100.0
Product_473,3,50.75414057528774,228.31600290279027,0,2,38.95972913179807
Product_474,1,27.57259972710316,82.48940233821497,0,0,69.71581966880542
Product_475,2,33.777955915196415,132.43414766786822,1,2,86.62419250882816
Product_476,1,23.169036693168508,70.10136084441203,1,4,100.0
Product_477,1,27.011634581884838,86.44696000525786,0,2,79.20479070800602
Product_478,2,44.84747757311655,106.5643986002412,1,5,100.0
Product_479,1,24.167259534300698,55.91093111455443,0,1,81.73418400993877
Product_480,3,49.9353443497283,204.02172667786186,1,2,64.22798248956347
Product_481,1,23.949429233385672,85.60685229403025,0,2,80.90391492450111
Product_482,2,44.779346381242455,138.02000336437413,1,2,80.00632613650394
Product_483,2,23.019124355706,133.8199184455003,0,2,71.72645413304694
Product_484,2,27.19622338267834,115.04831598158108,0,0,63.39222511234461
Product_485,1,13.172102105861473,77.01497033807499,0,1,83.01095487945426
Product_486,2,30.438242347465,137.8225543994456,1,5,100.0
Product_487,2,33.51052936716238,123.70789729395398,0,2,68.50315585762802
Product_488,1,10.584945660691183,78.28724753066446,1,4,100.0
Product_489,3,57.75677818025511,165.4786034846112,1,5,83.0258902129502
Product_490,1,12.577397349468903,54.252819274462055,1,4,100.0
Product_491,2,30.571248398289633,116.30851270641267,0,0,61.45267325957265
Product_492,2,45.2434265925428,123.42784972955673,1,2,82.69271675781727
Product_493,1,13.215197920966164,80.35676404417885,1,5,100.0
Product_494,3,59.6438291753266,198.8950926438452,1,5,75.39906688356766
Product_495,2,39.024264148872106,110.45486822948071,0,0,58.396894279667805
Product_496,2,23.78794224693508,106.51765650216328,1,5,100.0
Product_497,2,40.28532686226302,110.17674369434482,1,5,100.0
Product_498,1,15.740762663498256,54.832241714387614,1,4,100.0
Product_499,2,40.58981590058292,121.27528296359213,1,2,85.45003545699011
Product_500,3,50.40946391940918,212.58411949823758,0,2,42.27844414064789
Product_501,2,25.24644311527878,101.05045784931804,0,0,67.166686872497
Product_502,2,45.67211776717359,101.72156542866573,1,5,100.0
Product_503,3,42.81967782572578,201.1938630681928,1,2,68.35138847349855
Product_504,2,45.111233757288204,140.8327621600812,1,5,94.27783068933965
Product_505,1,25.596907903022874,79.13572246723407,1,4,100.0
Product_506,1,12.139612776539169,90.62369105220859,0,1,80.8054554012887
Product_507,1,25.22055805004056,66.34705121683376,0,2,84.12031073161297
Product_508,3,67.40537239497937,181.88173228730048,0,0,29.920967345050222
Product_509,2,29.15932030090194,119.39863771989431,0,0,61.54061230557018
Product_510,1,16.837443320773723,83.62536313368246,1,5,100.0
Product_511,3,52.39227501289876,161.63317271332613,1,4,81.4772279508854
Product_512,2,29.118392037221714,146.76972448338995,0,2,66.08685908471115
Product_513,3,60.600226388388926,152.1981814809623,0,0,39.26025050961307
Product_514,1,28.744569744729024,81.61981282327542,1,3,100.0
Product_515,1,23.757714446016266,56.41629310943823,1,5,100.0
Product_516,1,11.356741182103438,78.92462541146651,1,4,100.0
Product_517,3,73.14222391624325,163.56266160073133,1,3,65.7163557217321
Product_518,3,71.57171393278742,164.56286467054235,1,2,61.301570099497816
Product_519,1,11.347012029375435,87.67360553297983,0,1,81.79177287871632
Product_520,3,76.55153775493037,214.28065910861739,0,0,18.868099300811338
Product_521,1,16.917661139059135,74.99794959823942,1,2,100.0
Product_522,1,22.41831035534954,86.51245947647857,1,3,100.0
Product_523,2,23.329684076404433,110.24012045281047,0,1,71.2871338712357
Product_524,3,60.22536613687835,165.58515365514435,1,4,76.77028620053196
Product_525,1,29.469779383547937,51.28448224347041,0,1,80.00821385953195
Product_526,1,29.37755710571383,64.22706928384669,0,1,77.46580759037374
Product_527,3,44.102718503343596,170.93060758342085,0,2,53.76251923164403
Product_528,2,31.412016469112288,114.13827285300493,0,1,66.46633719484286
Product_529,2,49.30400985531978,115.22452121770152,1,2,82.30309082879981
Product_530,1,10.49173832917603,59.81228583530828,1,4,100.0
Product_531,3,47.75452271747571,242.00400525459037,0,1,32.72193759034407
Product_532,2,21.26074025514216,135.88380788967498,1,2,92.19286829449392
Product_533,3,67.07763131987349,159.04189777916608,1,2,64.65280478423004
Product_534,3,73.51633499407214,244.78565672536607,1,5,59.284701157890716
Product_535,1,23.665907532130106,79.27818643966509,1,2,100.0
Product_536,2,45.75025030397363,121.72654816522477,0,0,52.77956521496822
Product_537,1,15.472533325633318,54.30160785164716,1,3,100.0
Product_538,2,47.32310484931746,109.03287706556516,0,2,64.53187216222823
Product_539,2,42.61885710790352,147.38430885321398,0,1,54.21370967540544
Product_540,2,44.14720330524316,110.93858542054399,1,2,85.73868126326963
Product_541,2,20.540196668013635,116.31102534904657,0,0,66.46769659618387
Product_542,2,48.88431071222078,137.80961170533902,1,3,82.99592230282181
Product_543,3,49.18392643015875,227.28400834265034,1,4,69.95123511639056
Product_544,1,14.415392255775208,91.00337510278247,0,2,84.5916288515559
Product_545,3,46.6113796057183,165.3412882389088,1,3,78.62605254935909
Product_546,2,28.445635952447898,137.11849685448908,0,2,68.35348265287823
Product_547,1,23.090224285622703,84.46552060513451,0,1,76.56178373616174
Product_548,2,23.37741171235811,102.92289936184385,1,4,100.0
Product_549,1,29.017271245008207,65.38854526465745,1,2,100.0
Product_550,3,46.45451204221535,220.72283283354233,1,2,62.62817741218385
Product_551,1,18.64669602085204,94.89676467218685,0,0,71.69729905513661
Product_552,1,28.872318403351976,90.49622101514497,1,5,100.0
Product_553,1,18.394546338522446,79.15651095497918,0,2,84.97142463974293
Product_554,1,22.77051895328171,86.51108588786246,0,0,71.31252334578664
Product_555,1,17.951887959255885,68.24112351038994,1,4,100.0
Product_556,2,37.95072452893277,144.21717139856437,1,4,92.18120345582074
Product_557,1,29.679552959196563,73.30907955637785,1,2,100.0
Product_558,1,18.18668012630086,59.49680682287804,0,2,89.00729857227395
Product_559,3,60.768982831208206,207.85639322793543,1,2,58.04422993880881
Product_560,1,14.599092117821723,77.82323186744111,0,1,82.13580756760092
Product_561,3,49.81409256664844,205.4099280395826,1,4,74.01096810875926
Product_562,2,45.567916231735445,120.5365771745506,1,3,88.10872644922216
Product_563,1,23.033336507517703,51.046705891336664,0,0,78.27399056797381
Product_564,3,49.36813483705336,234.31448650297455,0,0,28.45303528087841
Product_565,3,48.78215692919208,214.4213015989618,1,2,62.724661215611604
Product_566,2,25.559905385861434,133.06713394723621,1,2,90.60662051762203
Product_567,1,29.363868558294435,85.10537270568963,1,4,100.0
Product_568,1,13.710510314062423,66.56761093681585,1,4,100.0
Product_569,3,56.63100414093287,241.97925717794362,1,5,68.28864649394484
Product_570,1,25.531937055834835,69.79686130979749,0,0,73.27465921012308
Product_571,3,61.636200153523234,204.41260019631008,0,1,33.29937988397636
Product_572,1,26.895664562337753,72.7091831368353,0,0,72.01033109146407
Product_573,3,68.08584384727318,225.69268451270136,0,2,30.818541173823142
Product_574,1,22.524406432628307,96.73649577441505,1,3,100.0
Product_575,2,21.90922727859927,139.89023406705363,0,2,71.06733954728963
Product_576,1,10.650523589825038,56.02236699982827,0,0,83.47026480512183
Product_577,1,28.416956956313737,79.2271556629729,0,2,79.94609038924855
Product_578,2,23.447989911787005,123.75541824659177,1,3,98.52492139478814
Product_579,1,25.930745819523526,68.89196068635934,0,0,73.25623495296637
Product_580,2,47.28880458309777,148.33530700092302,1,2,76.6885363082665
Product_581,1,12.34616377924789,66.96526336547836,0,0,80.43386543728039
Product_582,3,44.68815622720933,151.80810922056855,1,4,87.29430004228162
Product_583,3,53.48826302263008,190.03298684107583,0,2,45.2492711204698
Product_584,1,18.606117897989254,82.9051109028246,1,5,100.0
Product_585,1,14.010494534006735,99.88746945051003,0,0,73.01725884289462
Product_586,1,19.83189093482874,72.58697379907218,1,2,100.0
Product_587,3,55.67437492752104,233.629131310246,1,2,55.43698627419027
Product_588,1,21.639428038287974,70.03520834172333,0,1,80.17324431251134
Product_589,3,48.17265533595881,162.04818224384678,1,2,73.50403588325125
Product_590,2,38.05770293045394,141.32323047460915,1,5,97.70650243985119
Product_591,3,56.77086644664088,165.66128148926498,0,1,43.48231047882657
Product_592,3,40.72496164182919,247.47600813361953,0,2,40.14231755236149
Product_593,2,38.21268736156262,148.59226506627422,1,3,86.17520330596385
Product_594,3,42.76183625258399,200.08766058895992,0,1,43.601549755916025
Product_595,1,17.849871128133696,82.41167344039229,0,2,84.59272974785469
Product_596,1,19.59877669434247,53.07231450653938,0,2,89.5861487515209
Product_597,3,65.13705826458349,180.30657611751016,1,2,61.37015564420622
Product_598,1,15.833251574186065,97.02519764397013,1,2,100.0
Product_599,3,50.1308953409086,185.00068684731787,1,3,72.93441496008212
Product_600,1,27.20244794378409,97.72829644294055,1,4,100.0
Product_601,1,25.597019777866997,57.571615718498165,1,5,100.0
Product_602,3,61.42626397390315,204.94118320609647,1,4,68.29863137182915
Product_603,1,19.610138945156578,80.09033669727236,1,2,100.0
Product_604,3,72.85553451602777,215.2728123777224,0,0,20.517670266441627
Product_605,1,14.840900317250549,70.07308895445216,1,3,100.0
Product_606,1,29.73325186534293,66.90422046831307,1,2,100.0
Product_607,2,39.02312094128994,146.99621864428545,0,1,56.08919580049795
Product_608,2,22.127966484013204,117.15133562950122,0,2,75.50574963209316
Product_609,3,58.0517645211702,232.6867847173362,0,1,29.436760795947663
Product_610,2,30.855592796154163,124.26152278826781,1,5,100.0
Product_611,3,74.19896078245898,226.2187511194082,0,1,22.65676938488886
Product_612,2,21.369462365071513,144.55700458967547,1,2,90.40386789952915
Product_613,1,16.529226164879837,77.61830689086172,1,4,100.0
Product_614,3,43.0279890923915,206.8812736433873,1,2,67.10975072512679
Product_615,3,55.51304359667725,236.77231528050925,0,2,34.889015145559526
Product_616,1,17.012538624183616,78.8490806208841,0,0,75.72391456373137
Product_617,3,76.07096114184915,246.65907702233167,1,3,47.63270402460908
Product_618,3,48.138909699903834,195.2215100101718,1,5,81.88624314801373
Product_619,2,38.323402132273046,114.0912501647736,1,3,93.02004890090876
Product_620,3,75.09401812531354,188.9434680077673,0,2,34.66429733578977
Product_621,1,21.35081696523116,78.29252801566233,1,5,100.0
Product_622,2,35.497178853379374,101.09233559931009,0,2,72.0329434534483
Product_623,2,20.165173974812625,138.72428015598956,1,4,100.0
Product_624,1,14.003004884896201,64.81629009499001,0,0,80.0352395385539
Product_625,1,13.349651645181396,57.173472850901,1,5,100.0
Product_626,2,21.101640875024636,130.29484075897415,0,2,73.39021141069286
Product_627,3,55.018757138660014,222.45579091588183,0,2,37.99946324749362
Product_628,2,30.165819480162547,101.35533261681165,0,0,64.64602373655639
Product_629,1,10.63172289651284,54.03077025848009,0,0,83.87798450004757
Product_630,2,37.16145930107902,100.52566122708268,0,1,66.31413810404395
Product_631,1,11.039425673029449,87.75668087225979,0,0,76.92895098903331
Product_632,2,28.80466469624365,144.66522468940613,1,5,100.0
Product_633,3,48.804453036190125,188.2363331061628,1,4,77.95050686067238
Product_634,2,31.91045123711575,126.77712365488992,1,2,88.68934965046414
Product_635,2,22.612783003873144,123.84916963088268,1,5,100.0
Product_636,1,26.034561661395838,81.50465634308317,0,1,75.68178790068545
Product_637,1,16.78900385085612,91.43264530591446,1,5,100.0
Product_638,1,26.296502274930244,89.17347800246338,0,1,74.0170532620422
Product_639,2,35.22235816153427,116.79081823207673,0,1,64.03065727281752
Product_640,3,66.26917938886432,202.42547205377366,0,0,26.380315894813116
Product_641,1,20.951847523074726,56.21729207154352,1,2,100.0
Product_642,1,26.345955399249874,93.75668093105762,0,0,68.07568611416355
Product_643,2,49.78450516997211,125.44795202110238,1,3,85.01815701079347
Product_644,1,22.871553903930497,58.85767616113128,1,5,100.0
Product_645,3,59.35957472718989,222.35345733310885,1,3,60.84952116978329
Product_646,3,40.212539026733836,207.71866762233088,1,5,83.3499969621669
Product_647,1,11.632599640611792,70.27114125695775,1,5,100.0
Product_648,1,11.207041679811276,75.8141649598837,0,1,84.23364616811762
Product_649,2,47.22833007669665,114.12751337593194,0,0,53.5603322864653
Product_650,3,42.65853303105089,200.9508873224202,1,2,68.48055601999052
Product_651,3,70.66060198130339,204.57496797794357,0,2,33.75470541375959
Product_652,1,14.384279747160885,74.06389756096185,1,2,100.0
Product_653,2,44.71371152663884,102.7483153419911,0,2,67.09348116828237
Product_654,3,70.06987969583362,169.33392336120522,0,1,36.09827547984215
Product_655,3,72.12008287831348,245.07447132126717,0,1,19.925064296589824
Product_656,2,20.046953155744188,107.72604149952595,0,1,73.43131512222271
Product_657,2,39.09204110550221,121.97814708864493,0,0,56.058350029519914
Product_658,3,66.84629893518755,155.2709789853439,0,2,45.52265473533744
Product_659,3,64.81895140207882,153.75662295439807,0,2,46.83919970808097
Product_660,2,21.78574101043315,115.8228565437208,0,1,70.94255818603926
Product_661,3,46.795240242029415,203.80946641211114,0,2,45.84048659656306
Product_662,1,29.926678321134837,82.19782897238068,0,0,68.59709504495645
Product_663,1,29.495863242935663,69.04759225117375,0,1,76.44254992829742
Product_664,2,31.515166491349383,147.23536908362408,0,1,59.79534293760049
Product_665,2,33.68709526866626,116.74391450684925,0,1,64.80766946429702
Product_666,2,31.071590652827496,128.54269681393808,1,3,93.75566531079863
Product_667,1,11.443968179583518,69.16076829736258,0,1,85.44586225073573
Product_668,3,66.16530948111495,178.6279862111941,0,1,36.19174801720371
Product_669,1,15.153657770224275,72.12886729664078,0,1,82.99739765555971
Product_670,3,63.15227018047762,214.52376445533315,0,1,30.519112018694557
Product_671,1,27.36545010816761,91.02437922401374,0,2,78.11239910111345
Product_672,3,46.25906864014402,232.45170697999293,0,1,35.3801242839294
Product_673,1,24.85413042399962,79.40002317148142,1,3,100.0
Product_674,2,40.05717940168742,126.87700718201731,1,2,84.59600886275283
Product_675,1,16.91869985093926,89.98916822228917,1,2,100.0
Product_676,3,48.0901672209814,248.0005463196817,0,2,36.354807125572954
Product_677,1,29.752991274721158,91.29661542750081,0,1,71.86418127713927
Product_678,1,10.80218382824965,81.57293962915102,0,2,88.28432016004497
Product_679,1,27.340629922448972,89.22027366063986,1,2,98.48563030664754
Product_680,2,47.3986084272871,149.7710756462728,0,2,56.34648065710188
Product_681,1,18.77230838379181,70.70705341078332,0,1,81.47243512594743
Product_682,2,46.210957803990354,126.91100509342377,1,5,96.51232007932006
Product_683,2,41.71919166398281,126.66617739298025,1,4,93.80716868941253
Product_684,1,27.46846476163321,80.25447592702692,0,2,80.21487243377801
Product_685,1,28.01403728022517,61.024381970737466,0,0,73.78810496573992
Product_686,1,18.434418537469107,81.28253947136382,0,0,74.52628283699269
Product_687,3,72.87323786341437,244.5017094248494,0,2,24.66303918332293
Product_688,1,21.847006571867244,59.241919897351245,1,4,100.0
Product_689,2,20.35119832192712,130.1622711342015,0,0,63.79194661219614
Product_690,1,14.21324378011333,80.21796598573856,0,0,76.84978491279563
Product_691,3,67.69435689844232,174.02450184643038,1,5,76.34792118149275
Product_692,1,22.63120440185041,76.17006854610041,0,1,78.45038408985471
Product_693,3,77.56273917801167,195.5465572006362,0,0,22.109318970866923
Product_694,3,65.45497126133498,208.2144802814742,1,2,55.62961831303767
Product_695,1,24.31649929364177,54.00528633048011,1,4,100.0
Product_696,2,36.75927189351276,118.54868562960846,0,0,57.91062692732193
Product_697,3,47.63706340286574,200.37194345899564,1,4,76.107079606768
Product_698,1,14.750866498477553,59.22295255299417,1,3,100.0
Product_699,1,29.427901880832792,60.11469745791018,0,1,78.26310956800157
Product_700,2,45.368130889697206,117.3479475188793,1,3,88.84634505137554
Product_701,3,50.585401077014296,243.55230227588572,0,1,30.996839006315703
Product_702,3,66.47875779175475,241.22075712491824,0,1,23.516469679138986
Product_703,1,14.944621488063541,75.58537235573505,0,0,77.41061478482122
Product_704,1,27.414998025450227,74.16471424831626,0,1,76.45955813761164
Product_705,2,29.18940496334638,128.8244451569933,1,3,94.64040848692814
Product_706,2,43.6695547976238,117.10347173287776,0,1,59.74452825461255
Product_707,3,43.535397879380746,246.78645659513552,0,0,28.87500974128252
Product_708,3,67.95795313949543,238.98363940883107,0,2,28.22429554848607
Product_709,1,13.270477451700454,53.10207084782772,0,0,82.74434710458422
Product_710,3,57.293849056133894,203.00523392123807,1,3,65.75202868768544
Product_711,2,47.49905707523622,113.04246229810445,1,5,98.64197900276099
Product_712,2,32.92955661539889,100.45435174756082,1,2,93.4443513427884
Product_713,1,23.134733290825842,93.90167564222284,0,2,79.6522982261425
Product_714,2,37.46596239782342,125.55469107361989,1,3,91.15608058636431
Product_715,2,31.135172703128827,122.27589072465805,1,4,99.97723550350398
Product_716,2,38.03222500400699,148.34842573091578,0,0,51.31420235181335
Product_717,2,41.16757587931474,128.5599591981457,1,4,93.7042202207135
Product_718,1,19.075790827672783,52.20329307851907,0,0,80.0214459704598
Product_719,1,14.72100926692928,59.263842516677,1,4,100.0
Product_720,3,75.91676747830664,191.3665523583207,1,2,53.76830578918254
Product_721,2,32.915880153866226,143.39898133654515,1,4,94.86226365575786
Product_722,3,53.01162473446991,219.3400853429044,1,3,64.62617056418416
Product_723,1,16.740063528625726,97.29854449227997,0,0,72.17025933723113
Product_724,1,26.57766731765219,92.10826883251906,0,0,68.2895125746701
Product_725,1,18.617750473236118,64.83062410785466,1,5,100.0
Product_726,1,14.974285451752598,53.8593765113234,0,1,86.74098197185903
Product_727,1,22.342899732080603,58.49435366095287,1,5,100.0
Product_728,1,24.135544337708914,56.34722068774863,1,2,100.0
Product_729,1,13.340838158018997,56.16418896494734,1,4,100.0
Product_730,2,22.15135666542953,148.3367113767554,1,5,100.0
Product_731,3,79.95570448133162,170.35111083318864,1,5,70.95192559269645
Product_732,1,24.72804030131281,67.90698582645723,1,5,100.0
Product_733,2,40.31361919205028,117.40259777386602,0,2,66.36267084920165
Product_734,2,38.17337748358071,144.77778704369425,0,2,61.95775384947079
Product_735,3,74.32093084028917,182.90737794607278,1,2,56.25805899064086
Product_736,1,26.113403059001065,57.12782775165578,0,0,75.51773292016831
Product_737,3,49.65985941027471,201.2088576698664,1,2,64.92829876088936
Product_738,1,27.365425610265174,77.73659016411771,0,2,80.76996916204388
Product_739,2,40.648227073407114,134.38846031828675,0,2,62.7981943996391
Product_740,2,24.21658902735082,113.673725768749,0,1,70.15696033257478
Product_741,2,34.56769098978194,136.82365873095364,1,3,90.3514227589183
Product_742,2,20.826101596083966,102.58286785573205,0,1,74.07037563081161
Product_743,3,71.34953004300945,169.9156897597067,1,3,65.34209702655393
Product_744,1,28.732113845899228,74.48220380160163,1,2,100.0
Product_745,1,10.786870813370193,70.77215002960448,1,3,100.0
Product_746,3,66.17368021970879,241.54162014667034,0,0,18.604835860811534
Product_747,1,19.043980565668704,66.76858031087312,0,2,87.12429365499102
Product_748,2,31.639602798406084,116.03667911557856,0,1,65.97286277768124
Product_749,1,16.32312209953501,54.921209455068436,1,5,100.0
Product_750,2,20.70056288984558,115.47347745443005,1,2,96.5550230641912
Product_751,3,70.49210498003839,155.82378308202752,0,0,33.5891908935753
Product_752,1,12.966864019241777,86.43281421183013,1,5,100.0
Product_753,3,73.48478511322608,193.60704802193126,0,0,24.536197839000707
Product_754,1,29.30237392872091,69.65735647470076,0,2,81.4173417406994
Product_755,2,23.484168806015767,149.16703842071132,0,1,63.424507912849855
Product_756,3,64.98456192458127,226.68488978177731,0,2,32.170741081353896
Product_757,1,22.78239875631001,58.95158187207919,1,4,100.0
Product_758,2,46.65211016926044,135.7992346770862,0,2,59.51409797995255
Product_759,3,63.23801519552717,222.1449157109572,0,2,33.952009260044974
Product_760,3,79.62716628263064,244.1278928906798,0,2,21.36083828054872
Product_761,1,19.776931605138405,73.7544936433384,0,1,80.36063546876312
Product_762,1,23.337285150922085,96.12171418280622,0,2,79.10701458797772
Product_763,1,12.793025095126257,53.63674738893342,0,0,82.87613797465018
Product_764,2,31.68445684707261,136.97905886108714,0,2,66.76195980424626
Product_765,1,16.158598831823817,67.4968926785357,1,4,100.0
Product_766,3,63.874075075510376,161.47419583381918,1,2,65.76812329548098
Product_767,3,77.12728392455806,162.61376580161522,1,2,58.91360487739793
Product_768,1,23.468648666498346,62.03352573785765,1,2,100.0
Product_769,1,29.39824092214541,93.71536670685403,0,2,76.55780619755649
Product_770,3,61.1070986488678,152.10369024604685,1,4,79.02571262635672
Product_771,2,42.8570543781461,106.6889072496984,1,2,87.23369136098727
Product_772,1,18.875004386091423,69.96662900996112,1,5,100.0
Product_773,1,27.362845087550106,70.48364346462596,0,0,72.22184876329975
Product_774,3,65.98035718829789,203.91937941273144,1,5,71.22594552330477
Product_775,1,23.85251904452329,59.044595068944915,1,3,100.0
Product_776,2,25.838715101146157,131.01174244805603,0,2,70.87829395981571
Product_777,3,63.72632876157873,156.36014363777974,1,5,81.8648068916547
Product_778,1,23.664960565792917,86.54351728880802,0,0,70.85881625934194
Product_779,3,58.19057370210644,234.10961706161015,1,4,64.08278973662475
Product_780,1,22.356944804024277,78.917988155827,0,2,83.03792996682246
Product_781,1,27.378099689574363,91.63058866630655,1,5,100.0
Product_782,1,21.412194932776593,90.20827824919421,1,4,100.0
Product_783,2,37.41402802981088,135.20157262958284,1,2,84.25267145917799
Product_784,2,24.175901040370867,110.87264661086179,0,0,65.73752015764221
Product_785,3,60.01437784862242,211.54289150329265,1,4,67.68423277503027
Product_786,1,23.53026771554493,56.999368836088145,0,1,81.8349923750099
Product_787,1,14.313503047954343,70.79092840092055,0,0,78.68506279583872
Product_788,2,32.053364019629726,147.73331784395344,0,2,64.42665442139445
Product_789,1,17.877288113083168,70.13697423734153,0,0,77.0339610959901
Product_790,2,46.409442864467806,112.08294604095926,1,5,99.37868935957425
Product_791,1,12.131860606159815,99.82631543993097,1,5,100.0
Product_792,3,63.97208464557751,176.80471873786377,1,2,62.65301392963848
Product_793,1,29.98827451541333,83.77280226682129,0,1,73.25130228892907
Product_794,1,10.96424077721112,69.80004831928076,1,5,100.0
Product_795,2,31.85413229792956,138.88639550338965,0,1,61.295654750357286
Product_796,1,18.13815921445741,57.936838168715475,0,0,79.3435527590282
Product_797,1,27.415069006745185,97.46365531228085,0,1,71.79973443417124
Product_798,2,36.2907375187299,117.98377806115339,1,5,100.0
Product_799,3,40.76579471987347,215.79499112045923,1,5,81.45810441597142
Product_800,3,71.16410345583148,232.38963816246644,0,1,22.94002063959097
Product_801,2,47.28363832811726,103.04527716175913,1,3,90.74912540358955
Product_802,2,41.664297063677175,135.0782632801471,1,2,82.152198812132
Product_803,2,36.001598862960876,100.49137762848939,0,1,66.90092504282168
Product_804,2,46.099074789430546,120.45912937292442,0,0,52.85863673069984
Product_805,2,23.919570314703886,116.46896346510378,1,5,100.0
Product_806,3,61.43740315408473,161.70644129818626,0,2,46.94001016332038
Product_807,3,59.53982530639621,202.81777214230172,0,1,34.666532918341545
Product_808,2,43.82631987648216,115.2047317985642,1,5,100.0
Product_809,1,26.35668432350043,58.07289170321201,1,4,100.0
Product_810,2,46.31271743054567,114.69583802524669,0,0,53.904473679677835
Product_811,1,20.88978195921699,77.67358881049249,1,2,100.0
Product_812,2,24.46387908215347,136.3509263507067,0,0,60.49787518878192
Product_813,2,33.88026815196181,134.64601146123942,0,0,56.130663631771206
Product_814,3,63.713607220324405,199.1330431912131,1,4,68.31658775159518
Product_815,1,17.923453832185107,51.259954741053484,0,0,80.78628213569675
Product_816,1,23.909344133797244,67.74159277715813,0,1,79.49700937766974
Product_817,3,41.269750614919545,192.43720260536347,0,1,45.877684171467536
Product_818,3,56.933405766127905,221.46960890066222,1,4,67.23937533680359
Product_819,3,43.382615123889515,210.3792757286118,1,2,66.23283729233289
Product_820,3,64.27387822160557,179.89261500983332,1,3,66.88453788723055
Product_821,1,14.545392545263029,78.36954720780366,0,0,77.05339428580774
Product_822,1,11.463918475368873,89.81218047281936,0,1,81.3056046677517
Product_823,2,35.33826386602254,123.7217457073587,1,2,87.58651892551698
Product_824,2,34.769764400035456,116.68882985348989,1,4,99.2773518292843
Product_825,3,74.51987325435488,187.18367845664193,1,2,55.303327681494174
Product_826,3,75.44373741252832,152.58389722200113,0,0,31.76135184933561
Product_827,3,47.866143398118346,172.17794919335464,1,2,71.6313384622699
Product_828,2,32.22752625721451,131.5861209163292,0,0,57.56901268812691
Product_829,2,44.82556766318909,125.93739235573547,1,5,97.39973769725836
Product_830,2,42.93583383964153,102.5582753222738,0,2,68.02042801572448
Product_831,2,37.205868543667194,111.64292784380471,0,1,64.06848015940547
Product_832,2,48.68141430835799,124.60008647160413,1,2,80.73927555150017
Product_833,2,26.01423546585208,115.51176418723524,0,0,63.8905294296269
Product_834,2,23.27792630928864,109.08817988805971,1,2,96.54340086774374
Product_835,3,78.93530476659285,227.14733448596064,0,0,15.102880719511447
Product_836,3,58.600380701057105,241.5138820404896,0,1,27.397033241373528
Product_837,3,73.89551722285495,235.45154359107494,1,3,50.961932670357534
Product_838,3,42.49576274393109,218.31755632398182,0,1,40.08860736323808
Product_839,2,21.87372780857214,106.66421290410865,1,4,100.0
Product_840,1,24.362461524529888,73.58247453752978,1,2,100.0
Product_841,2,33.449571661082665,143.38510489596194,1,4,94.59819319026627
Product_842,1,10.364651653527233,81.28409561306763,0,2,88.56085505062285
Product_843,3,74.10189684983882,200.8479035308026,0,2,32.779470868920065
Product_844,2,47.791478201902606,138.79386272348466,0,0,48.34548835435176
Product_845,3,43.40413944479141,234.53299756887267,1,3,66.39133076382976
Product_846,2,34.30530404953451,138.3882308857169,1,2,85.16970179808936
Product_847,3,42.84139556176009,248.07611743888515,0,0,28.964078731342923
Product_848,1,28.540690895926133,51.12822558526736,0,1,80.50400943498346
Product_849,1,11.205347805791217,93.08324423495505,1,2,100.0
Product_850,1,28.688720536110285,78.85585411939533,0,2,79.8844689080658
Product_851,2,28.981867651150438,132.32036876140444,1,4,99.0449924221439
Product_852,1,12.02841656898433,79.84726117065863,0,1,83.01633948137611
Product_853,2,44.13311623038515,126.43536599420263,1,2,82.64636868596689
Product_854,1,15.135531354410158,71.4836681677574,0,1,83.13550068924344
Product_855,1,15.697458039238457,87.49299656441343,0,2,84.65267166749808
Product_856,2,48.72344057114289,104.07236064455796,1,4,94.82380758551697
Product_857,2,20.265898553404067,121.75072971701117,1,5,100.0
Product_858,1,20.78322553350509,59.03925752811898,1,4,100.0
Product_859,2,40.304638965721864,127.27139751058566,0,0,54.39340101502194
Product_860,1,22.206675666218366,59.93222884487029,1,3,100.0
Product_861,2,28.838581890385797,134.58217009866593,1,2,88.66427503507391
Product_862,3,51.97533494821393,150.9098181280776,0,0,43.83036890027752
Product_863,3,49.30023968831325,157.54121759927884,1,2,73.84163663598761
Product_864,3,45.18715912896941,175.03587295708556,1,4,82.39924584409817
Product_865,3,50.25852244067064,216.93154163635018,1,3,66.48443045239463
Product_866,3,54.21278993895551,238.82721965115059,0,1,30.128161100292132
Product_867,1,13.628766953912539,54.078746280568296,0,1,87.36986726693007
Product_868,3,42.50259368877806,210.69731162742653,0,1,41.60924083012566
Product_869,3,48.42027758661372,168.8499852795561,1,5,87.0198641507819
Product_870,3,72.36094561166706,230.49668338816855,0,0,17.720190516532753
Product_871,3,45.87687694335083,246.732811135347,1,5,72.71499930125519
Product_872,2,38.408123427123755,141.40929346617264,1,4,92.51407959320359
Product_873,1,29.258537504751597,70.0156418086497,1,3,100.0
Product_874,3,46.197012445737705,158.61161105063738,0,0,45.17917156700368
Product_875,3,43.3094734247276,205.91366564629683,0,1,42.16253015837683
Product_876,3,59.38151980320043,200.27834418466807,1,3,65.25357126146616
Product_877,1,10.868250657096382,83.44382655203427,1,4,100.0
Product_878,2,21.980295324207248,106.78307335801888,0,0,67.6532376662926
Product_879,1,29.02806684413314,96.63764695301566,0,2,76.15843718733029
Product_880,2,23.329942963739445,119.25290278594808,0,0,64.48444796094066
Product_881,3,63.227963382171396,208.56543354287993,1,2,56.672931600338316
Product_882,3,60.22035041559455,150.84955786072095,0,0,39.71991322005853
Product_883,1,14.56159543897865,72.92592810935076,0,2,88.13401665864052
Product_884,1,14.240896798164533,78.22953194667318,0,2,87.2336452115831
Product_885,2,35.67729798010235,105.62515652633158,1,4,100.0
Product_886,2,28.986970338616217,136.79602031869746,0,2,68.14731076695239
Product_887,1,26.797226057334406,96.58702016582541,1,5,100.0
Product_888,2,35.018728042112535,131.95539234973532,1,2,86.09955750899667
Product_889,1,17.068427586054362,86.00787304654702,1,5,100.0
Product_890,2,41.212594318000946,149.88361316323295,0,0,49.41698020835293
Product_891,1,25.610510304877238,93.98762011471717,0,1,73.39722082461795
Product_892,1,15.496120710962721,52.46104572703808,0,0,81.75973049911103
Product_893,1,26.45228637027357,61.55404264372481,1,5,100.0
Product_894,2,28.858714821438298,101.23222023181613,0,0,65.32419854291763
Product_895,2,26.971529691681436,134.83444939365984,1,2,89.54734527542732
Product_896,2,28.43013496726141,136.2663195367939,0,1,63.53166860901051
Product_897,1,22.477186493531462,56.906264657012365,0,2,87.3801538218318
Product_898,2,47.876841608955615,148.72196553192376,0,2,56.31718608913745
Product_899,2,32.15308083582699,148.78009595783263,0,1,59.167440390519985
Product_900,1,13.360284154897268,83.74466015270774,1,5,100.0
Product_901,3,73.604323137568,157.85098684536098,1,2,61.6276410621438
Product_902,1,27.25594155086457,87.90202105056082,1,4,100.0
Product_903,2,26.78086993447999,132.36710671865455,1,4,100.0
Product_904,1,11.914291110403234,65.629901245415,0,2,90.91687419571538
Product_905,3,47.806660688746014,242.00381641090524,1,2,57.69590637344594
Product_906,1,22.83943000886532,60.484513871510046,1,3,100.0
Product_907,2,30.734422523406465,145.59092847697235,1,3,90.5146030429023
Product_908,3,59.7027628301319,206.89214058447163,0,1,33.770190468039715
Product_909,2,23.687620353961627,101.99739866430471,1,5,100.0
Product_910,3,73.52921684327202,244.190558726042,1,2,44.39727983315558
Product_911,3,54.456151162687455,223.95632481112682,0,2,37.9806594564309
Product_912,1,19.93533717718339,88.2929321942371,0,2,82.37374497256089
Product_913,1,29.755710404297744,84.58278259332707,1,3,100.0
Product_914,2,38.74351588368207,102.75507675794155,1,2,90.07722670657066
Product_915,1,23.902891080951875,69.67776680531577,0,0,74.11300109846091
Product_916,1,18.086375362085843,56.53586617948787,1,4,100.0
Product_917,3,45.04008111455977,169.10621393463583,0,1,48.65871665579295
Product_918,1,24.351955313163526,86.46549002386031,1,2,100.0
Product_919,3,78.05779302652368,195.39588330478597,1,2,51.89192682578096
Product_920,3,47.0196650952543,180.1662241631149,1,5,85.45692261974986
Product_921,3,62.709092717242186,188.4019073964958,1,3,65.96507216207974
Product_922,2,35.605096769322536,148.62841178248684,1,3,87.47176925884136
Product_923,2,24.28627884018235,118.0029950965363,0,0,64.25626156060156
Product_924,2,43.26038451209406,123.89336774565679,0,1,58.59113419482162
Product_925,3,49.19306903190474,161.75018402123732,1,3,78.05342867980016
Product_926,2,34.900862684538396,134.12558650581002,1,4,95.72445135656879
Product_927,2,28.528222787825502,133.11160791647964,1,4,99.11356702279132
Product_928,1,27.883817493282365,63.45807854958146,0,2,83.36647554344252
Product_929,2,38.88673090675209,113.40716148059605,0,2,67.87520225050474
Product_930,2,21.629961044687114,115.7834240582033,0,1,71.02833466601578
Product_931,3,47.41081421533295,186.60282657465152,0,1,43.97402757740322
Product_932,3,51.14572252460145,230.71070203195126,0,2,38.28499833130901
Product_933,3,48.74839201294333,202.32862493002497,0,2,45.160079007523336
Product_934,3,47.313511194752685,161.67479027687955,0,0,44.00828634724774
Product_935,3,73.02843806242669,162.9065124829063,0,0,30.904478472205398
Product_936,3,51.428302706435616,203.68591465026185,1,3,68.54866571672983
Product_937,2,41.20929462367148,122.45188801849808,0,1,59.90497508446464
Product_938,3,78.79706101380764,180.8352121676199,0,0,24.4344270595722
Product_939,3,62.8504187974839,236.95411688592185,0,2,31.183967224073683
Product_940,1,23.01754738094388,53.121566363889016,0,0,77.86691303675025
Product_941,2,27.404716076057067,141.06297101864226,1,3,93.08504775824301
Product_942,2,42.22712168456214,112.23275273023566,0,1,61.43988861167179
Product_943,2,29.488104491879206,121.06504408166823,1,5,100.0
Product_944,3,43.48068873211155,222.84939338474402,1,2,63.689776956995416
Product_945,3,62.27139643712752,169.96697380406468,1,2,64.87090702062329
Product_946,3,73.8048340598414,187.12709205053937,0,1,30.672164559971428
Product_947,1,21.1556683474005,65.12331587307348,0,2,86.39750265168504
Product_948,3,47.004925605214126,222.54681684501628,0,0,31.988173828389684
Product_949,1,19.30411224567436,92.86154686848955,1,4,100.0
Product_950,2,46.756164344322045,145.55602506959787,1,3,82.51071281391941
Product_951,3,48.72830138208689,198.50729091426953,1,5,80.93439112610264
Product_952,1,29.152505690107603,84.51614234503646,1,2,98.52051868593891
Product_953,1,13.506058847153193,97.25120322902845,0,0,73.79672993061772
Product_954,3,50.52989386072045,167.1678195043217,0,2,51.30148916877543
Product_955,2,22.67868573576719,121.90220379526919,0,1,69.28021637306256
Product_956,2,40.61057799509729,117.11975616479299,1,5,100.0
Product_957,2,34.81442121370786,127.32381805126883,1,5,100.0
Product_958,1,19.007418725163703,75.52852043642518,0,1,80.39058655013312
Product_959,1,25.12326657790492,55.99764708654849,0,2,86.23883729373784
Product_960,1,16.951430484779642,65.60320223260103,1,4,100.0
Product_961,1,23.29823448974436,90.11980152768163,0,0,70.3269224495915
Product_962,2,25.00859266241596,109.41160998845228,0,1,70.61338167110156
Product_963,3,43.75106105028066,213.93748005427756,1,2,65.33697346400416
Product_964,1,14.69284163710907,97.61933761993623,1,5,100.0
Product_965,1,17.986318316186164,66.44113089243046,1,4,100.0
Product_966,2,42.83113370752349,142.0174088794254,0,2,60.18095137035317
Product_967,3,51.658436539751754,158.54024842908737,1,2,72.46273204430665
Product_968,3,48.301637448228135,194.98039907044287,0,2,46.853101461797365
Product_969,2,28.941566259183297,128.6385138343473,0,2,69.80151410353889
Product_970,2,23.160947667525694,140.97478426930263,1,2,90.22456931237662
Product_971,3,58.722762169371606,199.45970527637587,0,2,40.74667786003902
Product_972,1,22.471713760055195,56.584345171810355,1,4,100.0
Product_973,3,70.42302569821129,176.76684371942974,1,2,59.4351184070084
Product_974,2,30.80151397702935,113.71064445620735,0,0,61.85711412024386
Product_975,1,12.554269672704697,83.88616206006603,0,1,81.94563275163445
Product_976,1,26.521352605050566,62.61573680675765,1,3,100.0
Product_977,2,32.98187408059114,131.28249564707266,1,4,97.2525638302899
Product_978,2,33.73098815477882,129.03779995278296,1,4,97.32694593205399
Product_979,2,26.26648172015491,137.08420644959116,1,5,100.0
Product_980,3,55.91462812069709,236.49949762077762,1,4,64.74278641549591
Product_981,3,73.10212209096187,182.06199065502267,1,2,57.03654082351453
Product_982,1,17.20272814943038,92.4549009979338,0,0,72.90765572569805
Product_983,2,43.02702885553755,106.30550708393125,0,2,67.22538415544498
Product_984,1,28.739156460621256,58.41392942538564,0,1,78.94763588461225
Product_985,1,21.076044814247524,91.82210962349349,0,2,81.09755566817753
Product_986,1,16.11048621316047,77.44548158200358,1,3,100.0
Product_987,1,17.939630341485667,59.45978961951774,0,2,89.13822690535362
Product_988,2,39.72060446510386,131.41735587747223,0,0,53.85622659195362
Product_989,1,22.011886667212345,75.55568192447502,1,5,100.0
Product_990,2,46.40470213764455,105.28251727244654,0,0,55.74114547668841
Product_991,2,26.472220375293624,140.6425485768379,1,3,93.6353800969856
Product_992,3,41.396462106248954,224.6452128857114,1,3,69.37272636973324
Product_993,2,38.23256366758167,130.914251050686,1,5,99.70086795607196
Product_994,3,57.52714452993378,225.6789222902397,1,2,56.100643276985174
Product_995,2,24.098027109535177,135.16386138662259,1,4,100.0
Product_996,2,39.549192814318296,141.72291264280483,0,0,51.880821064279885
Product_997,2,42.15792374396992,102.81069527299393,0,0,58.358899073416254
Product_998,3,57.961550717205036,163.0317988091291,0,2,48.412864879571664
Product_999,3,49.4991422700903,184.5627037036159,1,2,68.33788812423165
Product_1000,1,27.55948640890139,93.96397780785034,0,1,72.42746123397923
